path	bytes_public	sha256_public	sha256_original	transform	replaced_prefixes
tr03-official-1/0001-base-cell-a-normal-r1/metadata.json	5255	8f4d7031352dbef241eb7ee425cf329a725b947ff4aac60acc8b5fd9522b9411	806c1a2ca05f5d4456cfb9b5eea07061e7aa1992ef3ae1d026e8e4d15ff5d8aa	redact	10
tr03-official-1/0001-base-cell-a-normal-r1/plc-stderr.log	0	e3b0c44298fc1c149afbf4c8996fb92427ae41e4649b934ca495991b7852b855	e3b0c44298fc1c149afbf4c8996fb92427ae41e4649b934ca495991b7852b855	none	0
tr03-official-1/0001-base-cell-a-normal-r1/processes.json	133	2d682689e80bda8c5620f25653426df526d1fbc1117dd5af83750c779d3b7848	2d682689e80bda8c5620f25653426df526d1fbc1117dd5af83750c779d3b7848	none	0
tr03-official-1/0001-base-cell-a-normal-r1/reference-10ms-differences.json	3	37517e5f3dc66819f61f5a7bb8ace1921282415f10551d2defa5c3eb0985b570	37517e5f3dc66819f61f5a7bb8ace1921282415f10551d2defa5c3eb0985b570	gunzip	0
tr03-official-1/0001-base-cell-a-normal-r1/static.json	1057	344e5a151cc3eead38e891bef23e013ab48528c81fa4d1083644ec6d231eba0a	344e5a151cc3eead38e891bef23e013ab48528c81fa4d1083644ec6d231eba0a	none	0
tr03-official-1/0001-base-cell-a-normal-r1/summary.json	72808	cd686f7d603c1d1a44412aa297c162c43b5f4449c888001a8bd06c0d68525902	cd686f7d603c1d1a44412aa297c162c43b5f4449c888001a8bd06c0d68525902	none	0
tr03-official-1/0001-base-cell-a-normal-r1/tr03-adapter.json	482	c15973a4a45562dc6bc09064977e27d963f220c64cea652e57a3126d5e6542c5	15d41e2979927ff46a0ed9479870a6952bd8a97ac673741aedf21a1060745acc	redact	1
tr03-official-1/0001-base-cell-a-normal-r1/trace.jsonl	2294513	d7d9ae38c72f286b05d8b0975b8a139e3d8155ee74c68c210d0053939f35b7ad	2e5a45f8bbad827c3bece6bb5c173edcdc19cf6094f6b8343d9925aa61d48a80	gunzip+redact	10
tr03-official-1/0001-base-cell-a-normal-r1/vision-stderr.log	26	f6259e2742222db4cedc0f46e1f9d79c113803494192992ee22d2e0ff6d9cc6e	f6259e2742222db4cedc0f46e1f9d79c113803494192992ee22d2e0ff6d9cc6e	none	0
tr03-official-1/0002-base-cell-a-normal-r2/metadata.json	5255	8f4d7031352dbef241eb7ee425cf329a725b947ff4aac60acc8b5fd9522b9411	806c1a2ca05f5d4456cfb9b5eea07061e7aa1992ef3ae1d026e8e4d15ff5d8aa	redact	10
tr03-official-1/0002-base-cell-a-normal-r2/plc-stderr.log	0	e3b0c44298fc1c149afbf4c8996fb92427ae41e4649b934ca495991b7852b855	e3b0c44298fc1c149afbf4c8996fb92427ae41e4649b934ca495991b7852b855	none	0
tr03-official-1/0002-base-cell-a-normal-r2/processes.json	133	2d682689e80bda8c5620f25653426df526d1fbc1117dd5af83750c779d3b7848	2d682689e80bda8c5620f25653426df526d1fbc1117dd5af83750c779d3b7848	none	0
tr03-official-1/0002-base-cell-a-normal-r2/reference-10ms-differences.json	3	37517e5f3dc66819f61f5a7bb8ace1921282415f10551d2defa5c3eb0985b570	37517e5f3dc66819f61f5a7bb8ace1921282415f10551d2defa5c3eb0985b570	gunzip	0
tr03-official-1/0002-base-cell-a-normal-r2/static.json	1057	344e5a151cc3eead38e891bef23e013ab48528c81fa4d1083644ec6d231eba0a	344e5a151cc3eead38e891bef23e013ab48528c81fa4d1083644ec6d231eba0a	none	0
tr03-official-1/0002-base-cell-a-normal-r2/summary.json	72808	cd686f7d603c1d1a44412aa297c162c43b5f4449c888001a8bd06c0d68525902	cd686f7d603c1d1a44412aa297c162c43b5f4449c888001a8bd06c0d68525902	none	0
tr03-official-1/0002-base-cell-a-normal-r2/tr03-adapter.json	482	c15973a4a45562dc6bc09064977e27d963f220c64cea652e57a3126d5e6542c5	15d41e2979927ff46a0ed9479870a6952bd8a97ac673741aedf21a1060745acc	redact	1
tr03-official-1/0002-base-cell-a-normal-r2/trace.jsonl	2294513	d7d9ae38c72f286b05d8b0975b8a139e3d8155ee74c68c210d0053939f35b7ad	2e5a45f8bbad827c3bece6bb5c173edcdc19cf6094f6b8343d9925aa61d48a80	gunzip+redact	10
tr03-official-1/0002-base-cell-a-normal-r2/vision-stderr.log	26	f6259e2742222db4cedc0f46e1f9d79c113803494192992ee22d2e0ff6d9cc6e	f6259e2742222db4cedc0f46e1f9d79c113803494192992ee22d2e0ff6d9cc6e	none	0
tr03-official-1/0003-base-cell-a-cycle-stop-r1/metadata.json	5259	3e0264b7ef0bf0373443eef8e82747b166bdb12d6f901b0aabdc464c38bf6126	4e77118605be909a4d3afee4ccb71ed3a9093dbcf04849361b8d8242c15da350	redact	10
tr03-official-1/0003-base-cell-a-cycle-stop-r1/plc-stderr.log	0	e3b0c44298fc1c149afbf4c8996fb92427ae41e4649b934ca495991b7852b855	e3b0c44298fc1c149afbf4c8996fb92427ae41e4649b934ca495991b7852b855	none	0
tr03-official-1/0003-base-cell-a-cycle-stop-r1/processes.json	133	2d682689e80bda8c5620f25653426df526d1fbc1117dd5af83750c779d3b7848	2d682689e80bda8c5620f25653426df526d1fbc1117dd5af83750c779d3b7848	none	0
tr03-official-1/0003-base-cell-a-cycle-stop-r1/reference-10ms-differences.json	3	37517e5f3dc66819f61f5a7bb8ace1921282415f10551d2defa5c3eb0985b570	37517e5f3dc66819f61f5a7bb8ace1921282415f10551d2defa5c3eb0985b570	gunzip	0
tr03-official-1/0003-base-cell-a-cycle-stop-r1/static.json	1057	344e5a151cc3eead38e891bef23e013ab48528c81fa4d1083644ec6d231eba0a	344e5a151cc3eead38e891bef23e013ab48528c81fa4d1083644ec6d231eba0a	none	0
tr03-official-1/0003-base-cell-a-cycle-stop-r1/summary.json	87212	fc23f7a84bf3651a1a79852277dda1436c5b0870968b06b498474b998ee90c91	fc23f7a84bf3651a1a79852277dda1436c5b0870968b06b498474b998ee90c91	none	0
tr03-official-1/0003-base-cell-a-cycle-stop-r1/tr03-adapter.json	486	6a894758833ffa4c836813c3f1c785751dfd728c4893b9935d7776bf7b16b4c7	55446200adc03d4dca0a675cd40a0bd09a7ec86a6eccc24cb8f77e6de53e298a	redact	1
tr03-official-1/0003-base-cell-a-cycle-stop-r1/trace.jsonl	2753416	3ecac847c14634bc363578783b6a3087508db71920a5828320200ab267b65805	3e4e3012ba95776fb722512ccffa6d99e2ef438d60325ffcac805ed01ccdfd1b	gunzip+redact	10
tr03-official-1/0003-base-cell-a-cycle-stop-r1/vision-stderr.log	26	f6259e2742222db4cedc0f46e1f9d79c113803494192992ee22d2e0ff6d9cc6e	f6259e2742222db4cedc0f46e1f9d79c113803494192992ee22d2e0ff6d9cc6e	none	0
tr03-official-1/0004-base-cell-a-cycle-stop-r2/metadata.json	5259	3e0264b7ef0bf0373443eef8e82747b166bdb12d6f901b0aabdc464c38bf6126	4e77118605be909a4d3afee4ccb71ed3a9093dbcf04849361b8d8242c15da350	redact	10
tr03-official-1/0004-base-cell-a-cycle-stop-r2/plc-stderr.log	0	e3b0c44298fc1c149afbf4c8996fb92427ae41e4649b934ca495991b7852b855	e3b0c44298fc1c149afbf4c8996fb92427ae41e4649b934ca495991b7852b855	none	0
tr03-official-1/0004-base-cell-a-cycle-stop-r2/processes.json	133	2d682689e80bda8c5620f25653426df526d1fbc1117dd5af83750c779d3b7848	2d682689e80bda8c5620f25653426df526d1fbc1117dd5af83750c779d3b7848	none	0
tr03-official-1/0004-base-cell-a-cycle-stop-r2/reference-10ms-differences.json	3	37517e5f3dc66819f61f5a7bb8ace1921282415f10551d2defa5c3eb0985b570	37517e5f3dc66819f61f5a7bb8ace1921282415f10551d2defa5c3eb0985b570	gunzip	0
tr03-official-1/0004-base-cell-a-cycle-stop-r2/static.json	1057	344e5a151cc3eead38e891bef23e013ab48528c81fa4d1083644ec6d231eba0a	344e5a151cc3eead38e891bef23e013ab48528c81fa4d1083644ec6d231eba0a	none	0
tr03-official-1/0004-base-cell-a-cycle-stop-r2/summary.json	87212	fc23f7a84bf3651a1a79852277dda1436c5b0870968b06b498474b998ee90c91	fc23f7a84bf3651a1a79852277dda1436c5b0870968b06b498474b998ee90c91	none	0
tr03-official-1/0004-base-cell-a-cycle-stop-r2/tr03-adapter.json	486	6a894758833ffa4c836813c3f1c785751dfd728c4893b9935d7776bf7b16b4c7	55446200adc03d4dca0a675cd40a0bd09a7ec86a6eccc24cb8f77e6de53e298a	redact	1
tr03-official-1/0004-base-cell-a-cycle-stop-r2/trace.jsonl	2753416	3ecac847c14634bc363578783b6a3087508db71920a5828320200ab267b65805	3e4e3012ba95776fb722512ccffa6d99e2ef438d60325ffcac805ed01ccdfd1b	gunzip+redact	10
tr03-official-1/0004-base-cell-a-cycle-stop-r2/vision-stderr.log	26	f6259e2742222db4cedc0f46e1f9d79c113803494192992ee22d2e0ff6d9cc6e	f6259e2742222db4cedc0f46e1f9d79c113803494192992ee22d2e0ff6d9cc6e	none	0
tr03-official-1/0005-cell-a-0001-normal/metadata.json	5288	da362831569520b1e5209a604baa3d837606a65d4cd461bc204c062bd0eb57f6	25fe588a568cb07b564cc3638263f97a33c7ca004742ee5fa7133c403430c5f8	redact	10
tr03-official-1/0005-cell-a-0001-normal/plc-stderr.log	0	e3b0c44298fc1c149afbf4c8996fb92427ae41e4649b934ca495991b7852b855	e3b0c44298fc1c149afbf4c8996fb92427ae41e4649b934ca495991b7852b855	none	0
tr03-official-1/0005-cell-a-0001-normal/processes.json	133	2d682689e80bda8c5620f25653426df526d1fbc1117dd5af83750c779d3b7848	2d682689e80bda8c5620f25653426df526d1fbc1117dd5af83750c779d3b7848	none	0
tr03-official-1/0005-cell-a-0001-normal/reference-10ms-differences.json	5634	3f2882a2f016502706ad198b235638f7fff86e320ef9ba4fdfd8c6bbacb7c3b2	3f2882a2f016502706ad198b235638f7fff86e320ef9ba4fdfd8c6bbacb7c3b2	gunzip	0
tr03-official-1/0005-cell-a-0001-normal/static.json	1057	344e5a151cc3eead38e891bef23e013ab48528c81fa4d1083644ec6d231eba0a	344e5a151cc3eead38e891bef23e013ab48528c81fa4d1083644ec6d231eba0a	none	0
tr03-official-1/0005-cell-a-0001-normal/summary.json	72809	cf81a3b1cd6122ec37286383632489e27b93d93d7e4180f5985a2804f9a39602	cf81a3b1cd6122ec37286383632489e27b93d93d7e4180f5985a2804f9a39602	none	0
tr03-official-1/0005-cell-a-0001-normal/tr03-adapter.json	524	e68ab07238b7a79411a94f1b6b5536e053cf8ae86985d13c16c241f0e369cdef	dbc3a4abb2b94d96c7dd96d58be9107fea703bcfd94ad3543280d5179f73b118	redact	1
tr03-official-1/0005-cell-a-0001-normal/trace.jsonl	2294553	e230aad4ac67a5209e6f2cbec49d33df7934e00f18faf5c16276434793ff89b4	b8a0a46b396c54205468329df1135530df0aa84d9e09c2ab5ff7ca7cf6f096d2	gunzip+redact	10
tr03-official-1/0005-cell-a-0001-normal/vision-stderr.log	26	f6259e2742222db4cedc0f46e1f9d79c113803494192992ee22d2e0ff6d9cc6e	f6259e2742222db4cedc0f46e1f9d79c113803494192992ee22d2e0ff6d9cc6e	none	0
tr03-official-1/0006-cell-a-0001-cycle-stop/metadata.json	5292	c0bbd93f84660dee8710a2525b9a23d17aabbec987183b477a898dbf75a343e7	e2d398065d944601f488d7133898c3b29455c73fc89d89f7c4c92e2fc4eca4ee	redact	10
tr03-official-1/0006-cell-a-0001-cycle-stop/plc-stderr.log	0	e3b0c44298fc1c149afbf4c8996fb92427ae41e4649b934ca495991b7852b855	e3b0c44298fc1c149afbf4c8996fb92427ae41e4649b934ca495991b7852b855	none	0
tr03-official-1/0006-cell-a-0001-cycle-stop/processes.json	133	2d682689e80bda8c5620f25653426df526d1fbc1117dd5af83750c779d3b7848	2d682689e80bda8c5620f25653426df526d1fbc1117dd5af83750c779d3b7848	none	0
tr03-official-1/0006-cell-a-0001-cycle-stop/reference-10ms-differences.json	5634	3f2882a2f016502706ad198b235638f7fff86e320ef9ba4fdfd8c6bbacb7c3b2	3f2882a2f016502706ad198b235638f7fff86e320ef9ba4fdfd8c6bbacb7c3b2	gunzip	0
tr03-official-1/0006-cell-a-0001-cycle-stop/static.json	1057	344e5a151cc3eead38e891bef23e013ab48528c81fa4d1083644ec6d231eba0a	344e5a151cc3eead38e891bef23e013ab48528c81fa4d1083644ec6d231eba0a	none	0
tr03-official-1/0006-cell-a-0001-cycle-stop/summary.json	87213	a65b7e50aefa57c267664607e99bb9aa4415ed63ceed17895419c2f35536a8e4	a65b7e50aefa57c267664607e99bb9aa4415ed63ceed17895419c2f35536a8e4	none	0
tr03-official-1/0006-cell-a-0001-cycle-stop/tr03-adapter.json	528	034552936d8d9806ca13b4e48a7f3a4779818031c335a9eae303aa72dd77586b	c76c487809eb87fb63945a8498141dc034808995e1c30fb31e3785090f111265	redact	1
tr03-official-1/0006-cell-a-0001-cycle-stop/trace.jsonl	2753456	9341441cddcc5e91dfdd85bb7543a798f7feabc5a25fdfdc09f7f710e193153b	87ef24c967ab4d2132036ee1609ab136464f3a10860a806bb61df6063860a5ac	gunzip+redact	10
tr03-official-1/0006-cell-a-0001-cycle-stop/vision-stderr.log	26	f6259e2742222db4cedc0f46e1f9d79c113803494192992ee22d2e0ff6d9cc6e	f6259e2742222db4cedc0f46e1f9d79c113803494192992ee22d2e0ff6d9cc6e	none	0
tr03-official-1/0007-cell-a-0002-normal/metadata.json	5288	763d35e521e896004275cb4d559960578eca7193090d005f291522fc4ffd1cd1	541a83892476a22db8e3733d5f018ebd098da8d169eb869a5c978467e1d9a74a	redact	10
tr03-official-1/0007-cell-a-0002-normal/plc-stderr.log	0	e3b0c44298fc1c149afbf4c8996fb92427ae41e4649b934ca495991b7852b855	e3b0c44298fc1c149afbf4c8996fb92427ae41e4649b934ca495991b7852b855	none	0
tr03-official-1/0007-cell-a-0002-normal/processes.json	133	2d682689e80bda8c5620f25653426df526d1fbc1117dd5af83750c779d3b7848	2d682689e80bda8c5620f25653426df526d1fbc1117dd5af83750c779d3b7848	none	0
tr03-official-1/0007-cell-a-0002-normal/reference-10ms-differences.json	3	37517e5f3dc66819f61f5a7bb8ace1921282415f10551d2defa5c3eb0985b570	37517e5f3dc66819f61f5a7bb8ace1921282415f10551d2defa5c3eb0985b570	gunzip	0
tr03-official-1/0007-cell-a-0002-normal/static.json	1057	344e5a151cc3eead38e891bef23e013ab48528c81fa4d1083644ec6d231eba0a	344e5a151cc3eead38e891bef23e013ab48528c81fa4d1083644ec6d231eba0a	none	0
tr03-official-1/0007-cell-a-0002-normal/summary.json	72808	232bfc88f0a6f6296ddc2579202b956125f8246c117a862e7974e9dad2c3ea8a	232bfc88f0a6f6296ddc2579202b956125f8246c117a862e7974e9dad2c3ea8a	none	0
tr03-official-1/0007-cell-a-0002-normal/tr03-adapter.json	524	1284c6fa736f43af88393283042e7a15b35c5101142b89b4bfecba4313c7e7c4	d7ed9e9f52d1bc5d57eb0aea0936bcdde97c55cc776a032b5d2839b1d8cf076b	redact	1
tr03-official-1/0007-cell-a-0002-normal/trace.jsonl	2294546	b14de282fa17c0488c192d118a692cc3accf664f85d650a97e490a4759792204	f7fda0bb47b411c7725f831386b0f9e1f9393dd0f09bfb09e03e34fd51264576	gunzip+redact	10
tr03-official-1/0007-cell-a-0002-normal/vision-stderr.log	26	f6259e2742222db4cedc0f46e1f9d79c113803494192992ee22d2e0ff6d9cc6e	f6259e2742222db4cedc0f46e1f9d79c113803494192992ee22d2e0ff6d9cc6e	none	0
tr03-official-1/0008-cell-a-0002-cycle-stop/metadata.json	5292	c6ad41c6660320a9d2ac6eef030847aacdef7033dd75f977fa8dce62f119a7fe	b344039bb619c545c49182f1af3bef7c8a8d4f4ab06588945cf37320e26a19ab	redact	10
tr03-official-1/0008-cell-a-0002-cycle-stop/plc-stderr.log	0	e3b0c44298fc1c149afbf4c8996fb92427ae41e4649b934ca495991b7852b855	e3b0c44298fc1c149afbf4c8996fb92427ae41e4649b934ca495991b7852b855	none	0
tr03-official-1/0008-cell-a-0002-cycle-stop/processes.json	133	2d682689e80bda8c5620f25653426df526d1fbc1117dd5af83750c779d3b7848	2d682689e80bda8c5620f25653426df526d1fbc1117dd5af83750c779d3b7848	none	0
tr03-official-1/0008-cell-a-0002-cycle-stop/reference-10ms-differences.json	3	37517e5f3dc66819f61f5a7bb8ace1921282415f10551d2defa5c3eb0985b570	37517e5f3dc66819f61f5a7bb8ace1921282415f10551d2defa5c3eb0985b570	gunzip	0
tr03-official-1/0008-cell-a-0002-cycle-stop/static.json	1057	344e5a151cc3eead38e891bef23e013ab48528c81fa4d1083644ec6d231eba0a	344e5a151cc3eead38e891bef23e013ab48528c81fa4d1083644ec6d231eba0a	none	0
tr03-official-1/0008-cell-a-0002-cycle-stop/summary.json	87212	afe069c795413db966c1a7bce2926579ce331c3db640aa06d472cd5dbb80b71c	afe069c795413db966c1a7bce2926579ce331c3db640aa06d472cd5dbb80b71c	none	0
tr03-official-1/0008-cell-a-0002-cycle-stop/tr03-adapter.json	528	3fba779e0da91f92b12df4d6eebc41d53c8d73000acf853bb22dc0467ab9b287	9634c23f687bfe3dbb1ea20590f2e830058a0a2a4e0c3e2c53821a74166a25cf	redact	1
tr03-official-1/0008-cell-a-0002-cycle-stop/trace.jsonl	2753449	dfa623edf59402504f2769b2049c6539caba2fe5a00eed5fe256bed8b7c8e24e	0dc3b715e00f5961294c52ee092caa7c8cd3e0cf01496a38c5a3db04582ce58a	gunzip+redact	10
tr03-official-1/0008-cell-a-0002-cycle-stop/vision-stderr.log	26	f6259e2742222db4cedc0f46e1f9d79c113803494192992ee22d2e0ff6d9cc6e	f6259e2742222db4cedc0f46e1f9d79c113803494192992ee22d2e0ff6d9cc6e	none	0
tr03-official-1/0009-cell-a-0003-normal/metadata.json	5288	2ebbe6c4185da7c77040c07c85fd74ff8a01859bdb2408a63589b8f312631c1c	95733dfdf4726bb435ee94d3dbbfea4369f88e46d08a84b2a0d32cf8ca82bdb3	redact	10
tr03-official-1/0009-cell-a-0003-normal/plc-stderr.log	0	e3b0c44298fc1c149afbf4c8996fb92427ae41e4649b934ca495991b7852b855	e3b0c44298fc1c149afbf4c8996fb92427ae41e4649b934ca495991b7852b855	none	0
tr03-official-1/0009-cell-a-0003-normal/processes.json	133	2d682689e80bda8c5620f25653426df526d1fbc1117dd5af83750c779d3b7848	2d682689e80bda8c5620f25653426df526d1fbc1117dd5af83750c779d3b7848	none	0
tr03-official-1/0009-cell-a-0003-normal/reference-10ms-differences.json	3	37517e5f3dc66819f61f5a7bb8ace1921282415f10551d2defa5c3eb0985b570	37517e5f3dc66819f61f5a7bb8ace1921282415f10551d2defa5c3eb0985b570	gunzip	0
tr03-official-1/0009-cell-a-0003-normal/static.json	1057	344e5a151cc3eead38e891bef23e013ab48528c81fa4d1083644ec6d231eba0a	344e5a151cc3eead38e891bef23e013ab48528c81fa4d1083644ec6d231eba0a	none	0
tr03-official-1/0009-cell-a-0003-normal/summary.json	72808	f37159d51f6ac09fb8f0c1d945dc1a162b80080896b5f6a36ce5b50f402fa45d	f37159d51f6ac09fb8f0c1d945dc1a162b80080896b5f6a36ce5b50f402fa45d	none	0
tr03-official-1/0009-cell-a-0003-normal/tr03-adapter.json	524	1c641a6716d6a0662c7c4dfd77b3dfa67654296e862871759f7feb740c0dccdd	28825591a7fbbeb4d2e542ebc62307eae75ae975db646a08470f8b1ace4a76d1	redact	1
tr03-official-1/0009-cell-a-0003-normal/trace.jsonl	2294546	f63fa6a7b1f4cc5d65ac471b84379dcc89e00c490cdabfa77063b0a531cc2300	60e7cf44c7ee261758275af09ebc7f7c9c2e53d0bb371da7e11c6ba8227c3319	gunzip+redact	10
tr03-official-1/0009-cell-a-0003-normal/vision-stderr.log	26	f6259e2742222db4cedc0f46e1f9d79c113803494192992ee22d2e0ff6d9cc6e	f6259e2742222db4cedc0f46e1f9d79c113803494192992ee22d2e0ff6d9cc6e	none	0
tr03-official-1/0010-cell-a-0003-cycle-stop/metadata.json	5292	2db191d17e15dc33289edba0687250c16f365d5a6b3d63efb1887349b592e329	75b82b578008159fe74e4a6703904eb363350ed058b1ee64209b15db31bca86f	redact	10
tr03-official-1/0010-cell-a-0003-cycle-stop/plc-stderr.log	0	e3b0c44298fc1c149afbf4c8996fb92427ae41e4649b934ca495991b7852b855	e3b0c44298fc1c149afbf4c8996fb92427ae41e4649b934ca495991b7852b855	none	0
tr03-official-1/0010-cell-a-0003-cycle-stop/processes.json	133	2d682689e80bda8c5620f25653426df526d1fbc1117dd5af83750c779d3b7848	2d682689e80bda8c5620f25653426df526d1fbc1117dd5af83750c779d3b7848	none	0
tr03-official-1/0010-cell-a-0003-cycle-stop/reference-10ms-differences.json	3	37517e5f3dc66819f61f5a7bb8ace1921282415f10551d2defa5c3eb0985b570	37517e5f3dc66819f61f5a7bb8ace1921282415f10551d2defa5c3eb0985b570	gunzip	0
tr03-official-1/0010-cell-a-0003-cycle-stop/static.json	1057	344e5a151cc3eead38e891bef23e013ab48528c81fa4d1083644ec6d231eba0a	344e5a151cc3eead38e891bef23e013ab48528c81fa4d1083644ec6d231eba0a	none	0
tr03-official-1/0010-cell-a-0003-cycle-stop/summary.json	87212	cd19a58ba7a7540ce13d81c91301f90caabfcb3f2e2ad3d1a95d74db61d27b01	cd19a58ba7a7540ce13d81c91301f90caabfcb3f2e2ad3d1a95d74db61d27b01	none	0
tr03-official-1/0010-cell-a-0003-cycle-stop/tr03-adapter.json	528	b2bcdfa04106497e9befb62eb999bf0a79708d866b85989095d03fa1f3cb8d31	ea04462a61c683852f3280d65ff80ed0c61b45c21ddbf41aa14eb78a03cd7bdd	redact	1
tr03-official-1/0010-cell-a-0003-cycle-stop/trace.jsonl	2753449	147e838499e4a7f314118d393bee77e528a270e67963c83ec170f305b189f85b	84516c07ca84d619862fbeb5e21d915365fe83ecec37be2dc67ed340114017bb	gunzip+redact	10
tr03-official-1/0010-cell-a-0003-cycle-stop/vision-stderr.log	26	f6259e2742222db4cedc0f46e1f9d79c113803494192992ee22d2e0ff6d9cc6e	f6259e2742222db4cedc0f46e1f9d79c113803494192992ee22d2e0ff6d9cc6e	none	0
tr03-official-1/0011-cell-a-0004-normal/metadata.json	5288	85ee77d2508cc7a9ed6597a25d9836433325fcdcaf5d6d400454cd52848ad98b	9f32b24b5829425ec3a90823ed780764eb7bef28756ce3975b426fa8814c9072	redact	10
tr03-official-1/0011-cell-a-0004-normal/plc-stderr.log	0	e3b0c44298fc1c149afbf4c8996fb92427ae41e4649b934ca495991b7852b855	e3b0c44298fc1c149afbf4c8996fb92427ae41e4649b934ca495991b7852b855	none	0
tr03-official-1/0011-cell-a-0004-normal/processes.json	133	2d682689e80bda8c5620f25653426df526d1fbc1117dd5af83750c779d3b7848	2d682689e80bda8c5620f25653426df526d1fbc1117dd5af83750c779d3b7848	none	0
tr03-official-1/0011-cell-a-0004-normal/reference-10ms-differences.json	952730	a26b1b074691685e10c08de76c9887cece4f874b6fb1de8b2bd1553b38c0c1f4	a26b1b074691685e10c08de76c9887cece4f874b6fb1de8b2bd1553b38c0c1f4	gunzip	0
tr03-official-1/0011-cell-a-0004-normal/static.json	1057	344e5a151cc3eead38e891bef23e013ab48528c81fa4d1083644ec6d231eba0a	344e5a151cc3eead38e891bef23e013ab48528c81fa4d1083644ec6d231eba0a	none	0
tr03-official-1/0011-cell-a-0004-normal/summary.json	72735	baed9360de9d3fe269719e254560f94db4269b0b50a87f24cefb036b3db01f65	baed9360de9d3fe269719e254560f94db4269b0b50a87f24cefb036b3db01f65	none	0
tr03-official-1/0011-cell-a-0004-normal/tr03-adapter.json	524	52f8b1493126ea57028dcb3027dc4a192a83e16ce3af71bd79b9c08430ee4224	1963469710ecc4e87e84177e99cb94c48f865933efa09840c74cfcdc83f9a391	redact	1
tr03-official-1/0011-cell-a-0004-normal/trace.jsonl	2294460	69ac0e5ea69b2344883401e971b4e65365c58cbcfe06987254c1aa7a397b5274	acbeb00d62024df273b5f76644a81f335a1a8fc977a494a8167019b18421b97b	gunzip+redact	10
tr03-official-1/0011-cell-a-0004-normal/vision-stderr.log	26	f6259e2742222db4cedc0f46e1f9d79c113803494192992ee22d2e0ff6d9cc6e	f6259e2742222db4cedc0f46e1f9d79c113803494192992ee22d2e0ff6d9cc6e	none	0
tr03-official-1/0012-cell-a-0004-cycle-stop/metadata.json	5292	94bfd57a0bfd41ce5f0fe0fd597598c1e6ecf7d596cf108267ca9144a823c281	704d2cc41ab8700a8c77b9d22ee0713aa06974e2e7e3f820f29c2c5f32d6ff6a	redact	10
tr03-official-1/0012-cell-a-0004-cycle-stop/plc-stderr.log	0	e3b0c44298fc1c149afbf4c8996fb92427ae41e4649b934ca495991b7852b855	e3b0c44298fc1c149afbf4c8996fb92427ae41e4649b934ca495991b7852b855	none	0
tr03-official-1/0012-cell-a-0004-cycle-stop/processes.json	133	2d682689e80bda8c5620f25653426df526d1fbc1117dd5af83750c779d3b7848	2d682689e80bda8c5620f25653426df526d1fbc1117dd5af83750c779d3b7848	none	0
tr03-official-1/0012-cell-a-0004-cycle-stop/reference-10ms-differences.json	568725	eb054ac9813574ee234b9740239ecd4efd52112208a8ba427ac5a7ee8cb5b1b2	eb054ac9813574ee234b9740239ecd4efd52112208a8ba427ac5a7ee8cb5b1b2	gunzip	0
tr03-official-1/0012-cell-a-0004-cycle-stop/static.json	1057	344e5a151cc3eead38e891bef23e013ab48528c81fa4d1083644ec6d231eba0a	344e5a151cc3eead38e891bef23e013ab48528c81fa4d1083644ec6d231eba0a	none	0
tr03-official-1/0012-cell-a-0004-cycle-stop/summary.json	87139	047422f0a95418c32374bd26cd80cfa37b5a6f244d6c10d8f72f9a1ece3486ee	047422f0a95418c32374bd26cd80cfa37b5a6f244d6c10d8f72f9a1ece3486ee	none	0
tr03-official-1/0012-cell-a-0004-cycle-stop/tr03-adapter.json	528	3d4ad2494188fd4c03172991d66a0bc9d10cb2787630c1f0a146ab5824390646	40cfe7bbda6f0efa54d286a5c76d5b191a4f18202ec105f02f16855238e19c8a	redact	1
tr03-official-1/0012-cell-a-0004-cycle-stop/trace.jsonl	2753163	33191a7b86c9143052ec70539f76b1d4fcf5cd10220a266746345d7c347a8233	500d07607f5a7d1b6c27e74ad94222b9a021cbcaa3a2ef2ab4c1665c803410a2	gunzip+redact	10
tr03-official-1/0012-cell-a-0004-cycle-stop/vision-stderr.log	26	f6259e2742222db4cedc0f46e1f9d79c113803494192992ee22d2e0ff6d9cc6e	f6259e2742222db4cedc0f46e1f9d79c113803494192992ee22d2e0ff6d9cc6e	none	0
tr03-official-1/0013-cell-a-0005-normal/metadata.json	5288	6c4bffb9752fe75d186ed720a7e6365d31604a5dd15e68be98eacc2374c98c78	3b6adc8ff18b10f1ba68085039fa301de3bcc47a3fb5756f5676afad3b7ff4f3	redact	10
tr03-official-1/0013-cell-a-0005-normal/plc-stderr.log	0	e3b0c44298fc1c149afbf4c8996fb92427ae41e4649b934ca495991b7852b855	e3b0c44298fc1c149afbf4c8996fb92427ae41e4649b934ca495991b7852b855	none	0
tr03-official-1/0013-cell-a-0005-normal/processes.json	133	2d682689e80bda8c5620f25653426df526d1fbc1117dd5af83750c779d3b7848	2d682689e80bda8c5620f25653426df526d1fbc1117dd5af83750c779d3b7848	none	0
tr03-official-1/0013-cell-a-0005-normal/reference-10ms-differences.json	3	37517e5f3dc66819f61f5a7bb8ace1921282415f10551d2defa5c3eb0985b570	37517e5f3dc66819f61f5a7bb8ace1921282415f10551d2defa5c3eb0985b570	gunzip	0
tr03-official-1/0013-cell-a-0005-normal/static.json	1057	344e5a151cc3eead38e891bef23e013ab48528c81fa4d1083644ec6d231eba0a	344e5a151cc3eead38e891bef23e013ab48528c81fa4d1083644ec6d231eba0a	none	0
tr03-official-1/0013-cell-a-0005-normal/summary.json	72808	86540f9f41115714ec93b4ab424fe522fe2f6aff7e854df516d511b69931e08b	86540f9f41115714ec93b4ab424fe522fe2f6aff7e854df516d511b69931e08b	none	0
tr03-official-1/0013-cell-a-0005-normal/tr03-adapter.json	524	dcdde05b3c96193874e4626c943e3bb45bc8273d9f4e7654eba82366df201686	699a00f350c19af4da00e731d9040ad85e71e79d21b6a06fc8741353dd663ae1	redact	1
tr03-official-1/0013-cell-a-0005-normal/trace.jsonl	2294546	557318be738dd7d15e47f74c8d608cb9302e26b3fef3560805e52a1b405cc2ce	fce9955417a51bd02c37094f24366b181db2605ea490e3fe45a8512d7cafae02	gunzip+redact	10
tr03-official-1/0013-cell-a-0005-normal/vision-stderr.log	26	f6259e2742222db4cedc0f46e1f9d79c113803494192992ee22d2e0ff6d9cc6e	f6259e2742222db4cedc0f46e1f9d79c113803494192992ee22d2e0ff6d9cc6e	none	0
tr03-official-1/0014-cell-a-0005-cycle-stop/metadata.json	5292	140f565f2982011f452e4771bd84d6aca187bcacc54c9e6341eeab74532a76fb	fec398f21f64a7f358561d9cff5f229669c844d6d1241937d2c2a587797e85a3	redact	10
tr03-official-1/0014-cell-a-0005-cycle-stop/plc-stderr.log	0	e3b0c44298fc1c149afbf4c8996fb92427ae41e4649b934ca495991b7852b855	e3b0c44298fc1c149afbf4c8996fb92427ae41e4649b934ca495991b7852b855	none	0
tr03-official-1/0014-cell-a-0005-cycle-stop/processes.json	133	2d682689e80bda8c5620f25653426df526d1fbc1117dd5af83750c779d3b7848	2d682689e80bda8c5620f25653426df526d1fbc1117dd5af83750c779d3b7848	none	0
tr03-official-1/0014-cell-a-0005-cycle-stop/reference-10ms-differences.json	3	37517e5f3dc66819f61f5a7bb8ace1921282415f10551d2defa5c3eb0985b570	37517e5f3dc66819f61f5a7bb8ace1921282415f10551d2defa5c3eb0985b570	gunzip	0
tr03-official-1/0014-cell-a-0005-cycle-stop/static.json	1057	344e5a151cc3eead38e891bef23e013ab48528c81fa4d1083644ec6d231eba0a	344e5a151cc3eead38e891bef23e013ab48528c81fa4d1083644ec6d231eba0a	none	0
tr03-official-1/0014-cell-a-0005-cycle-stop/summary.json	87212	343a53ab03113c08d993a724717443b7743050c870055734fabed97ad158b791	343a53ab03113c08d993a724717443b7743050c870055734fabed97ad158b791	none	0
tr03-official-1/0014-cell-a-0005-cycle-stop/tr03-adapter.json	528	f800b145235b4f3a5252df915c1502f1a90350c0c3ece81fbb732c37cdda894c	e464f89cea07b1b4b869262e14c23b0e2f2c77c9b3992220eef4fad2070c8138	redact	1
tr03-official-1/0014-cell-a-0005-cycle-stop/trace.jsonl	2753449	66d0c09eb97c5dcff5a73aaddf38d05ae5b64ab9133179e7f0fc374b61168266	98550fb62c8e8a8602da189bba5974e77cadc5ba123c6cba1367a525ff9d85ff	gunzip+redact	10
tr03-official-1/0014-cell-a-0005-cycle-stop/vision-stderr.log	26	f6259e2742222db4cedc0f46e1f9d79c113803494192992ee22d2e0ff6d9cc6e	f6259e2742222db4cedc0f46e1f9d79c113803494192992ee22d2e0ff6d9cc6e	none	0
tr03-official-1/0015-cell-a-0006-normal/metadata.json	5288	c4d344072b8d5c5015223f107e2eb30610745f5fb8287112bcc71d4a7f6ed230	31a64d349914c0b750128ff4a0e58d727e47685dadc5c2ada80b9a2ccacbb989	redact	10
tr03-official-1/0015-cell-a-0006-normal/plc-stderr.log	0	e3b0c44298fc1c149afbf4c8996fb92427ae41e4649b934ca495991b7852b855	e3b0c44298fc1c149afbf4c8996fb92427ae41e4649b934ca495991b7852b855	none	0
tr03-official-1/0015-cell-a-0006-normal/processes.json	133	2d682689e80bda8c5620f25653426df526d1fbc1117dd5af83750c779d3b7848	2d682689e80bda8c5620f25653426df526d1fbc1117dd5af83750c779d3b7848	none	0
tr03-official-1/0015-cell-a-0006-normal/reference-10ms-differences.json	3	37517e5f3dc66819f61f5a7bb8ace1921282415f10551d2defa5c3eb0985b570	37517e5f3dc66819f61f5a7bb8ace1921282415f10551d2defa5c3eb0985b570	gunzip	0
tr03-official-1/0015-cell-a-0006-normal/static.json	1057	344e5a151cc3eead38e891bef23e013ab48528c81fa4d1083644ec6d231eba0a	344e5a151cc3eead38e891bef23e013ab48528c81fa4d1083644ec6d231eba0a	none	0
tr03-official-1/0015-cell-a-0006-normal/summary.json	72808	4d03c2440546f996029c82cc6e11e9252cf71f13fef22aea34bc6a2f4faa5843	4d03c2440546f996029c82cc6e11e9252cf71f13fef22aea34bc6a2f4faa5843	none	0
tr03-official-1/0015-cell-a-0006-normal/tr03-adapter.json	524	932573e72fc9d67981da0210b59728fee7ffadd1130a24f0ed16ed7ec9d34ea5	e7522ac80192ebf333b664f7236e48f6d7380031a7ccc8015f723f28c30bf46f	redact	1
tr03-official-1/0015-cell-a-0006-normal/trace.jsonl	2294546	ef7c372a7fbadc277a16e04b4df7f53a4444454eaa21d3f2a434e22edc720542	b9309e73f8ae27ace742be042658194ee94856aa5cec19dd3507d60dfdb91d53	gunzip+redact	10
tr03-official-1/0015-cell-a-0006-normal/vision-stderr.log	26	f6259e2742222db4cedc0f46e1f9d79c113803494192992ee22d2e0ff6d9cc6e	f6259e2742222db4cedc0f46e1f9d79c113803494192992ee22d2e0ff6d9cc6e	none	0
tr03-official-1/0016-cell-a-0006-cycle-stop/metadata.json	5292	6a15cca322d0b8ff1fca05d123496967ea39331de619768beb672535a6f94947	5a049f7c74b970fec1bb4bdfc646fa6ac9fb2ede190efcb142d34a192556a46e	redact	10
tr03-official-1/0016-cell-a-0006-cycle-stop/plc-stderr.log	0	e3b0c44298fc1c149afbf4c8996fb92427ae41e4649b934ca495991b7852b855	e3b0c44298fc1c149afbf4c8996fb92427ae41e4649b934ca495991b7852b855	none	0
tr03-official-1/0016-cell-a-0006-cycle-stop/processes.json	133	2d682689e80bda8c5620f25653426df526d1fbc1117dd5af83750c779d3b7848	2d682689e80bda8c5620f25653426df526d1fbc1117dd5af83750c779d3b7848	none	0
tr03-official-1/0016-cell-a-0006-cycle-stop/reference-10ms-differences.json	3	37517e5f3dc66819f61f5a7bb8ace1921282415f10551d2defa5c3eb0985b570	37517e5f3dc66819f61f5a7bb8ace1921282415f10551d2defa5c3eb0985b570	gunzip	0
tr03-official-1/0016-cell-a-0006-cycle-stop/static.json	1057	344e5a151cc3eead38e891bef23e013ab48528c81fa4d1083644ec6d231eba0a	344e5a151cc3eead38e891bef23e013ab48528c81fa4d1083644ec6d231eba0a	none	0
tr03-official-1/0016-cell-a-0006-cycle-stop/summary.json	87212	42a2200609dd71594fa9fb5ebd4ef93419a4275c19c94f627d505ec77f9b7e6a	42a2200609dd71594fa9fb5ebd4ef93419a4275c19c94f627d505ec77f9b7e6a	none	0
tr03-official-1/0016-cell-a-0006-cycle-stop/tr03-adapter.json	528	55960564332d070d2015577c6828525d0c59b21be79db258858d6f0dbd1e5a93	9c457489effb782d9839238d3cd8ea333d6ba8ff377d167c9f1d496aad21f3b7	redact	1
tr03-official-1/0016-cell-a-0006-cycle-stop/trace.jsonl	2753449	b2cca62bc8f83c45fc9dfdd29c2c4a7f12feb44d4ee646c82b75c1ce26572659	7d32d2aa7a9bc9392785257839d8c0f92c3bd168625f8d62f804e32172783af4	gunzip+redact	10
tr03-official-1/0016-cell-a-0006-cycle-stop/vision-stderr.log	26	f6259e2742222db4cedc0f46e1f9d79c113803494192992ee22d2e0ff6d9cc6e	f6259e2742222db4cedc0f46e1f9d79c113803494192992ee22d2e0ff6d9cc6e	none	0
tr03-official-1/0017-cell-a-0007-normal/metadata.json	5288	63d15823dabbdbaf69b6049696af4905593811c5d15f9a850ac1f0d9ed3c7202	351821a0af7f43aa74f99284a2ae891179687781fb1510af001ae6aba728c58b	redact	10
tr03-official-1/0017-cell-a-0007-normal/plc-stderr.log	0	e3b0c44298fc1c149afbf4c8996fb92427ae41e4649b934ca495991b7852b855	e3b0c44298fc1c149afbf4c8996fb92427ae41e4649b934ca495991b7852b855	none	0
tr03-official-1/0017-cell-a-0007-normal/processes.json	133	2d682689e80bda8c5620f25653426df526d1fbc1117dd5af83750c779d3b7848	2d682689e80bda8c5620f25653426df526d1fbc1117dd5af83750c779d3b7848	none	0
tr03-official-1/0017-cell-a-0007-normal/reference-10ms-differences.json	3	37517e5f3dc66819f61f5a7bb8ace1921282415f10551d2defa5c3eb0985b570	37517e5f3dc66819f61f5a7bb8ace1921282415f10551d2defa5c3eb0985b570	gunzip	0
tr03-official-1/0017-cell-a-0007-normal/static.json	1057	344e5a151cc3eead38e891bef23e013ab48528c81fa4d1083644ec6d231eba0a	344e5a151cc3eead38e891bef23e013ab48528c81fa4d1083644ec6d231eba0a	none	0
tr03-official-1/0017-cell-a-0007-normal/summary.json	72808	fa865cbb75f3f6f5fac8c61c11d6cedd1c60c013757127c90d8c327c7039efa7	fa865cbb75f3f6f5fac8c61c11d6cedd1c60c013757127c90d8c327c7039efa7	none	0
tr03-official-1/0017-cell-a-0007-normal/tr03-adapter.json	524	48902bba301d1929e0ddb45a1769f21640688925ab1e53260b0ce20db9c58b27	6e3f71c95b10a4e8a6bc89f611828fda82fee84a6436a39b6eb4c6f8aab05dc9	redact	1
tr03-official-1/0017-cell-a-0007-normal/trace.jsonl	2294546	2f12f917887a7373666a28547697ad3493ef86204bc8b51d9b59c4ca74f528fd	c0c2c7974fc8a216213ffd3f712671c2428134f2c153acb69cba6cf8bc762111	gunzip+redact	10
tr03-official-1/0017-cell-a-0007-normal/vision-stderr.log	26	f6259e2742222db4cedc0f46e1f9d79c113803494192992ee22d2e0ff6d9cc6e	f6259e2742222db4cedc0f46e1f9d79c113803494192992ee22d2e0ff6d9cc6e	none	0
tr03-official-1/0018-cell-a-0007-cycle-stop/metadata.json	5292	638b23f4e3aa011fd0b5d736d5045bc8a90a7ef031b209315731eac97305f269	da92ce18c6179d1e442140015b5feb22a145d3852dea15904f72816901e80c82	redact	10
tr03-official-1/0018-cell-a-0007-cycle-stop/plc-stderr.log	0	e3b0c44298fc1c149afbf4c8996fb92427ae41e4649b934ca495991b7852b855	e3b0c44298fc1c149afbf4c8996fb92427ae41e4649b934ca495991b7852b855	none	0
tr03-official-1/0018-cell-a-0007-cycle-stop/processes.json	133	2d682689e80bda8c5620f25653426df526d1fbc1117dd5af83750c779d3b7848	2d682689e80bda8c5620f25653426df526d1fbc1117dd5af83750c779d3b7848	none	0
tr03-official-1/0018-cell-a-0007-cycle-stop/reference-10ms-differences.json	3	37517e5f3dc66819f61f5a7bb8ace1921282415f10551d2defa5c3eb0985b570	37517e5f3dc66819f61f5a7bb8ace1921282415f10551d2defa5c3eb0985b570	gunzip	0
tr03-official-1/0018-cell-a-0007-cycle-stop/static.json	1057	344e5a151cc3eead38e891bef23e013ab48528c81fa4d1083644ec6d231eba0a	344e5a151cc3eead38e891bef23e013ab48528c81fa4d1083644ec6d231eba0a	none	0
tr03-official-1/0018-cell-a-0007-cycle-stop/summary.json	87212	9f959f73141bba8cc04333a6520fed928353487ea76bad3f9c84bf8e0ae817a4	9f959f73141bba8cc04333a6520fed928353487ea76bad3f9c84bf8e0ae817a4	none	0
tr03-official-1/0018-cell-a-0007-cycle-stop/tr03-adapter.json	528	68a03c24cdd28d43b95e924a36b9f8f30e145be19c92c79bdb1ebb46aba199cf	f537001907a1fd5c129bd0f29a5c75c7325ed6a4557211a285a6bfea36114f0a	redact	1
tr03-official-1/0018-cell-a-0007-cycle-stop/trace.jsonl	2753449	26baf51086f1251b0379c4bf02ec4777ac49d2678c2f2903372bb7e86cb584d0	74c10f1acce1d3b57af875131db6840a618bf815115d213b47b05a0f25877755	gunzip+redact	10
tr03-official-1/0018-cell-a-0007-cycle-stop/vision-stderr.log	26	f6259e2742222db4cedc0f46e1f9d79c113803494192992ee22d2e0ff6d9cc6e	f6259e2742222db4cedc0f46e1f9d79c113803494192992ee22d2e0ff6d9cc6e	none	0
tr03-official-1/0019-cell-a-0008-normal/metadata.json	5288	16fd35099d428a1223910ea8bd52da6bd3dd4e35721fe0f1ae4928413adbbbd1	3fb67ea1b46dafcd78a6b733a52840e2439c0434ddec406258250ee7c602b092	redact	10
tr03-official-1/0019-cell-a-0008-normal/plc-stderr.log	0	e3b0c44298fc1c149afbf4c8996fb92427ae41e4649b934ca495991b7852b855	e3b0c44298fc1c149afbf4c8996fb92427ae41e4649b934ca495991b7852b855	none	0
tr03-official-1/0019-cell-a-0008-normal/processes.json	133	2d682689e80bda8c5620f25653426df526d1fbc1117dd5af83750c779d3b7848	2d682689e80bda8c5620f25653426df526d1fbc1117dd5af83750c779d3b7848	none	0
tr03-official-1/0019-cell-a-0008-normal/reference-10ms-differences.json	3	37517e5f3dc66819f61f5a7bb8ace1921282415f10551d2defa5c3eb0985b570	37517e5f3dc66819f61f5a7bb8ace1921282415f10551d2defa5c3eb0985b570	gunzip	0
tr03-official-1/0019-cell-a-0008-normal/static.json	1057	344e5a151cc3eead38e891bef23e013ab48528c81fa4d1083644ec6d231eba0a	344e5a151cc3eead38e891bef23e013ab48528c81fa4d1083644ec6d231eba0a	none	0
tr03-official-1/0019-cell-a-0008-normal/summary.json	72808	ba74dd09eac9b8d0c13ec1e96e19f5ae92cf376077527724b01ba7abdec97064	ba74dd09eac9b8d0c13ec1e96e19f5ae92cf376077527724b01ba7abdec97064	none	0
tr03-official-1/0019-cell-a-0008-normal/tr03-adapter.json	524	039b99479b703fd6ad260fd6c2041d0522ef2691fd288c2e2969d6c105af513d	e41a830e6d858876673ae500b89deaa2b939253ece996ec9d2e53cffcf15cb1d	redact	1
tr03-official-1/0019-cell-a-0008-normal/trace.jsonl	2294546	4d80cac94a704d228f1956f82f7de711ebeb00b259784aba84232d261e2ad7ce	023bfc015693a9986fb91893e4ce39ea4d9a82905b4a400a1871b96ae09304d1	gunzip+redact	10
tr03-official-1/0019-cell-a-0008-normal/vision-stderr.log	26	f6259e2742222db4cedc0f46e1f9d79c113803494192992ee22d2e0ff6d9cc6e	f6259e2742222db4cedc0f46e1f9d79c113803494192992ee22d2e0ff6d9cc6e	none	0
tr03-official-1/0020-cell-a-0008-cycle-stop/metadata.json	5292	125450bf1676388249472cbc5f04a6168cb0601009755a1da563f7d537318d8c	d050d5e4d732fd42218d4ddcc6a65a65cf557cde9d5def4eb5f8eb6a6ae88632	redact	10
tr03-official-1/0020-cell-a-0008-cycle-stop/plc-stderr.log	0	e3b0c44298fc1c149afbf4c8996fb92427ae41e4649b934ca495991b7852b855	e3b0c44298fc1c149afbf4c8996fb92427ae41e4649b934ca495991b7852b855	none	0
tr03-official-1/0020-cell-a-0008-cycle-stop/processes.json	133	2d682689e80bda8c5620f25653426df526d1fbc1117dd5af83750c779d3b7848	2d682689e80bda8c5620f25653426df526d1fbc1117dd5af83750c779d3b7848	none	0
tr03-official-1/0020-cell-a-0008-cycle-stop/reference-10ms-differences.json	3	37517e5f3dc66819f61f5a7bb8ace1921282415f10551d2defa5c3eb0985b570	37517e5f3dc66819f61f5a7bb8ace1921282415f10551d2defa5c3eb0985b570	gunzip	0
tr03-official-1/0020-cell-a-0008-cycle-stop/static.json	1057	344e5a151cc3eead38e891bef23e013ab48528c81fa4d1083644ec6d231eba0a	344e5a151cc3eead38e891bef23e013ab48528c81fa4d1083644ec6d231eba0a	none	0
tr03-official-1/0020-cell-a-0008-cycle-stop/summary.json	87212	fd2929532c3ac095fb4a16a0976b44b05782e74a5a290a91acc041c9e20f0de8	fd2929532c3ac095fb4a16a0976b44b05782e74a5a290a91acc041c9e20f0de8	none	0
tr03-official-1/0020-cell-a-0008-cycle-stop/tr03-adapter.json	528	f8b53adb588215d754156ec7ed4707af848e8575c16c321b4dfca1fa960b8b13	3c2f1207622da15c270ee4d6ea11c8258c3ebfb413aa5c623ff2a7b71f32bdb8	redact	1
tr03-official-1/0020-cell-a-0008-cycle-stop/trace.jsonl	2753449	6f6ca198b9662f6fbd88b355a5be6c28144889a1d196d3fee6d6f09d698f0ce6	5c637f7366cc405fd83b5af2fb1c565252b703bcf4ac8bcac9a5577328fb1f21	gunzip+redact	10
tr03-official-1/0020-cell-a-0008-cycle-stop/vision-stderr.log	26	f6259e2742222db4cedc0f46e1f9d79c113803494192992ee22d2e0ff6d9cc6e	f6259e2742222db4cedc0f46e1f9d79c113803494192992ee22d2e0ff6d9cc6e	none	0
tr03-official-1/0021-cell-a-0009-normal/metadata.json	5288	6693836db46bb642b47807c067ddf7185c55dd80a103af14acacf286ca42116c	266ed99c78a385c373f219bf67d01524bc859b1c5d23c4a392a996177fd9623c	redact	10
tr03-official-1/0021-cell-a-0009-normal/plc-stderr.log	0	e3b0c44298fc1c149afbf4c8996fb92427ae41e4649b934ca495991b7852b855	e3b0c44298fc1c149afbf4c8996fb92427ae41e4649b934ca495991b7852b855	none	0
tr03-official-1/0021-cell-a-0009-normal/processes.json	133	2d682689e80bda8c5620f25653426df526d1fbc1117dd5af83750c779d3b7848	2d682689e80bda8c5620f25653426df526d1fbc1117dd5af83750c779d3b7848	none	0
tr03-official-1/0021-cell-a-0009-normal/reference-10ms-differences.json	816410	cb79cd4212a98540a95aa9485e6000889846231eeb31233ea8c0a9d762407e40	cb79cd4212a98540a95aa9485e6000889846231eeb31233ea8c0a9d762407e40	gunzip	0
tr03-official-1/0021-cell-a-0009-normal/static.json	1057	344e5a151cc3eead38e891bef23e013ab48528c81fa4d1083644ec6d231eba0a	344e5a151cc3eead38e891bef23e013ab48528c81fa4d1083644ec6d231eba0a	none	0
tr03-official-1/0021-cell-a-0009-normal/summary.json	72774	89b41a85752cd2cda198642ad366b4896b26b8f57aa62db1f0be156c572f6082	89b41a85752cd2cda198642ad366b4896b26b8f57aa62db1f0be156c572f6082	none	0
tr03-official-1/0021-cell-a-0009-normal/tr03-adapter.json	524	7bfed599e88e77af1c3df43262c4339d37fefaa8267b4557e256310417dca563	705a8cc3e8d6e8d3ae70aa64c9db7f93f70780fff76f512c31a571269974c378	redact	1
tr03-official-1/0021-cell-a-0009-normal/trace.jsonl	2293175	a6ba22335e17a767244cb22ba2dfd12b5ba33e8ab05fb58b44ae5e2feaf4932f	c6b3c1a039dd6c6179ce40ddd986979e9742fed148983a8f91c20cef62963fcf	gunzip+redact	10
tr03-official-1/0021-cell-a-0009-normal/vision-stderr.log	26	f6259e2742222db4cedc0f46e1f9d79c113803494192992ee22d2e0ff6d9cc6e	f6259e2742222db4cedc0f46e1f9d79c113803494192992ee22d2e0ff6d9cc6e	none	0
tr03-official-1/0022-cell-a-0009-cycle-stop/metadata.json	5292	e8b208b740e6f10f744947064a9039532a7dbdf92568170feab50cb85ec8041f	9fff50bd49e0f640b2922f485382c528a10f6d2cf870a94e38ee72389cf36a2a	redact	10
tr03-official-1/0022-cell-a-0009-cycle-stop/plc-stderr.log	0	e3b0c44298fc1c149afbf4c8996fb92427ae41e4649b934ca495991b7852b855	e3b0c44298fc1c149afbf4c8996fb92427ae41e4649b934ca495991b7852b855	none	0
tr03-official-1/0022-cell-a-0009-cycle-stop/processes.json	133	2d682689e80bda8c5620f25653426df526d1fbc1117dd5af83750c779d3b7848	2d682689e80bda8c5620f25653426df526d1fbc1117dd5af83750c779d3b7848	none	0
tr03-official-1/0022-cell-a-0009-cycle-stop/reference-10ms-differences.json	523605	dfbd8942b7274dd2e653616d528e8e58290c949244069b5e7ed1bc03ec1862b9	dfbd8942b7274dd2e653616d528e8e58290c949244069b5e7ed1bc03ec1862b9	gunzip	0
tr03-official-1/0022-cell-a-0009-cycle-stop/static.json	1057	344e5a151cc3eead38e891bef23e013ab48528c81fa4d1083644ec6d231eba0a	344e5a151cc3eead38e891bef23e013ab48528c81fa4d1083644ec6d231eba0a	none	0
tr03-official-1/0022-cell-a-0009-cycle-stop/summary.json	87154	b5a099f46d8772b68eebb4d82074ea6291a9a4650d3aaeaf4adf53ff5d727429	b5a099f46d8772b68eebb4d82074ea6291a9a4650d3aaeaf4adf53ff5d727429	none	0
tr03-official-1/0022-cell-a-0009-cycle-stop/tr03-adapter.json	528	1d9d39fd2a15f16d1fd37d681ecee05e67f97002e8b6fa4abc6f41fe38424eab	16fa1fccf18a789f9ccf00ae21b20527ae1a1c18d10d8ea06e189565ceb089ca	redact	1
tr03-official-1/0022-cell-a-0009-cycle-stop/trace.jsonl	2754707	9a6b9bb83c300b75b9b3e9c0713ada91cea66d43bce90bd99a3a7efc6332f815	d1c3da51e10b4e4c25fa6c54ffc4c33d61afb0134a40db9211581889c90b531f	gunzip+redact	10
tr03-official-1/0022-cell-a-0009-cycle-stop/vision-stderr.log	26	f6259e2742222db4cedc0f46e1f9d79c113803494192992ee22d2e0ff6d9cc6e	f6259e2742222db4cedc0f46e1f9d79c113803494192992ee22d2e0ff6d9cc6e	none	0
tr03-official-1/0023-cell-a-0010-normal/metadata.json	5288	70a703aa7478b794ed1fbdaf5754bc6bc66dbefad53b8119162b199c6040d87e	fa20785d5c6200bcffd88778a3fe6bbfbe00b2b4600a9e89d72bc40dc0716270	redact	10
tr03-official-1/0023-cell-a-0010-normal/plc-stderr.log	0	e3b0c44298fc1c149afbf4c8996fb92427ae41e4649b934ca495991b7852b855	e3b0c44298fc1c149afbf4c8996fb92427ae41e4649b934ca495991b7852b855	none	0
tr03-official-1/0023-cell-a-0010-normal/processes.json	133	2d682689e80bda8c5620f25653426df526d1fbc1117dd5af83750c779d3b7848	2d682689e80bda8c5620f25653426df526d1fbc1117dd5af83750c779d3b7848	none	0
tr03-official-1/0023-cell-a-0010-normal/reference-10ms-differences.json	952059	ffb88a55f80223e2d22dd9e11a3f781a0d85f119340b69c9dec4992c47bf6a97	ffb88a55f80223e2d22dd9e11a3f781a0d85f119340b69c9dec4992c47bf6a97	gunzip	0
tr03-official-1/0023-cell-a-0010-normal/static.json	1057	344e5a151cc3eead38e891bef23e013ab48528c81fa4d1083644ec6d231eba0a	344e5a151cc3eead38e891bef23e013ab48528c81fa4d1083644ec6d231eba0a	none	0
tr03-official-1/0023-cell-a-0010-normal/summary.json	72735	457d849b42d660bb3158d208121d47c432880d5a003289daa9b6619f24434691	457d849b42d660bb3158d208121d47c432880d5a003289daa9b6619f24434691	none	0
tr03-official-1/0023-cell-a-0010-normal/tr03-adapter.json	524	282e5c9bf7f73c059eb72c20e976caedcef102e5a23225f0debd6dd7c8c2eecf	551b19c80304e17f5268e19ea40d4704c14072a52a4790154d44229da0470ad0	redact	1
tr03-official-1/0023-cell-a-0010-normal/trace.jsonl	2299083	4bc36af1b8365eaa5df5ec6da1e743dff3870d419ff3c0526439b2eb9df8ba3a	7f56de8a070f9adfaa2f6d999ecc427a6bfb1fadc8ef332bd9fa2d01f81c035f	gunzip+redact	10
tr03-official-1/0023-cell-a-0010-normal/vision-stderr.log	26	f6259e2742222db4cedc0f46e1f9d79c113803494192992ee22d2e0ff6d9cc6e	f6259e2742222db4cedc0f46e1f9d79c113803494192992ee22d2e0ff6d9cc6e	none	0
tr03-official-1/0024-cell-a-0010-cycle-stop/metadata.json	5292	ee158b84922df04ee769c66032d102f0fd7835e4711e5ab87366fe346d56c931	486145c71e2b8797ade8ea42ba01abd54af5bb2f6db5e9d8135b9ea52a4d554a	redact	10
tr03-official-1/0024-cell-a-0010-cycle-stop/plc-stderr.log	0	e3b0c44298fc1c149afbf4c8996fb92427ae41e4649b934ca495991b7852b855	e3b0c44298fc1c149afbf4c8996fb92427ae41e4649b934ca495991b7852b855	none	0
tr03-official-1/0024-cell-a-0010-cycle-stop/processes.json	133	2d682689e80bda8c5620f25653426df526d1fbc1117dd5af83750c779d3b7848	2d682689e80bda8c5620f25653426df526d1fbc1117dd5af83750c779d3b7848	none	0
tr03-official-1/0024-cell-a-0010-cycle-stop/reference-10ms-differences.json	568054	82d2194259cecb1ec2cc199b84116b379fe134af898e3ec376e69fd04db0a4ba	82d2194259cecb1ec2cc199b84116b379fe134af898e3ec376e69fd04db0a4ba	gunzip	0
tr03-official-1/0024-cell-a-0010-cycle-stop/static.json	1057	344e5a151cc3eead38e891bef23e013ab48528c81fa4d1083644ec6d231eba0a	344e5a151cc3eead38e891bef23e013ab48528c81fa4d1083644ec6d231eba0a	none	0
tr03-official-1/0024-cell-a-0010-cycle-stop/summary.json	87139	f01ac03eebaf026a274e08dab0afc6309a804f484dab24a6a6f4ea82bca8c4d3	f01ac03eebaf026a274e08dab0afc6309a804f484dab24a6a6f4ea82bca8c4d3	none	0
tr03-official-1/0024-cell-a-0010-cycle-stop/tr03-adapter.json	528	2020fc6f42de08c03aa8edda00cddeb8813a531b1ec2ce9f944a031bb12c774e	051bb8a1c33c07137b438de3d4ecffd8313e8eb90bd95ef2f9f5eeec24955a32	redact	1
tr03-official-1/0024-cell-a-0010-cycle-stop/trace.jsonl	2758786	bd0a66e391bd01834e143dd1ab19af94238a477027d403778ac7cf2238574ad5	4bf265eb74329adf1d7a679654a8ecb368bcd63641b17275577e322abb001f01	gunzip+redact	10
tr03-official-1/0024-cell-a-0010-cycle-stop/vision-stderr.log	26	f6259e2742222db4cedc0f46e1f9d79c113803494192992ee22d2e0ff6d9cc6e	f6259e2742222db4cedc0f46e1f9d79c113803494192992ee22d2e0ff6d9cc6e	none	0
tr03-official-1/0025-cell-a-0011-normal/metadata.json	5288	b74440f12eefdc205bfeffdb36d11dbf890b1603fdbe30d21d417d3b96b5b7cd	040e003aa94f8284aa6e5f620fa6504d8536ede59b414476cac394e1c97671aa	redact	10
tr03-official-1/0025-cell-a-0011-normal/plc-stderr.log	0	e3b0c44298fc1c149afbf4c8996fb92427ae41e4649b934ca495991b7852b855	e3b0c44298fc1c149afbf4c8996fb92427ae41e4649b934ca495991b7852b855	none	0
tr03-official-1/0025-cell-a-0011-normal/processes.json	133	2d682689e80bda8c5620f25653426df526d1fbc1117dd5af83750c779d3b7848	2d682689e80bda8c5620f25653426df526d1fbc1117dd5af83750c779d3b7848	none	0
tr03-official-1/0025-cell-a-0011-normal/reference-10ms-differences.json	3	37517e5f3dc66819f61f5a7bb8ace1921282415f10551d2defa5c3eb0985b570	37517e5f3dc66819f61f5a7bb8ace1921282415f10551d2defa5c3eb0985b570	gunzip	0
tr03-official-1/0025-cell-a-0011-normal/static.json	1057	344e5a151cc3eead38e891bef23e013ab48528c81fa4d1083644ec6d231eba0a	344e5a151cc3eead38e891bef23e013ab48528c81fa4d1083644ec6d231eba0a	none	0
tr03-official-1/0025-cell-a-0011-normal/summary.json	72808	17b33322face0435c16929508957adc322132bcefe7abc53aa0b560ac2d8b51b	17b33322face0435c16929508957adc322132bcefe7abc53aa0b560ac2d8b51b	none	0
tr03-official-1/0025-cell-a-0011-normal/tr03-adapter.json	524	3e8e39cc245011bf3c2e7a83f8bf68128ab41b973b986b4e4d820ad94146f49e	bac2cf7ebe1b0fa91da9ee3ce4b2078277f2c176935c11b8e74ab782b0fc9207	redact	1
tr03-official-1/0025-cell-a-0011-normal/trace.jsonl	2294546	ed808b269f7ba2bf3fce8e7babd2e9dd4fad681571afd5662f20bc77d16764a8	cd7cafebe840b7b9766faaa9eb43ac9bde9db71a3e3153842c22bc1452ae5167	gunzip+redact	10
tr03-official-1/0025-cell-a-0011-normal/vision-stderr.log	26	f6259e2742222db4cedc0f46e1f9d79c113803494192992ee22d2e0ff6d9cc6e	f6259e2742222db4cedc0f46e1f9d79c113803494192992ee22d2e0ff6d9cc6e	none	0
tr03-official-1/0026-cell-a-0011-cycle-stop/metadata.json	5292	cb4fc31ce6d0344f8d951bdb7a9e691192df6ee5ab089e5bdf3f05774b70c184	e634c89307960bd1c55d885ef45a31e85d200ced3bfa9e8fc1bfff289b6eb01a	redact	10
tr03-official-1/0026-cell-a-0011-cycle-stop/plc-stderr.log	0	e3b0c44298fc1c149afbf4c8996fb92427ae41e4649b934ca495991b7852b855	e3b0c44298fc1c149afbf4c8996fb92427ae41e4649b934ca495991b7852b855	none	0
tr03-official-1/0026-cell-a-0011-cycle-stop/processes.json	133	2d682689e80bda8c5620f25653426df526d1fbc1117dd5af83750c779d3b7848	2d682689e80bda8c5620f25653426df526d1fbc1117dd5af83750c779d3b7848	none	0
tr03-official-1/0026-cell-a-0011-cycle-stop/reference-10ms-differences.json	3	37517e5f3dc66819f61f5a7bb8ace1921282415f10551d2defa5c3eb0985b570	37517e5f3dc66819f61f5a7bb8ace1921282415f10551d2defa5c3eb0985b570	gunzip	0
tr03-official-1/0026-cell-a-0011-cycle-stop/static.json	1057	344e5a151cc3eead38e891bef23e013ab48528c81fa4d1083644ec6d231eba0a	344e5a151cc3eead38e891bef23e013ab48528c81fa4d1083644ec6d231eba0a	none	0
tr03-official-1/0026-cell-a-0011-cycle-stop/summary.json	87212	3370a945f804be4edc697c3d95cca2e56eb647f573b1f35d88c1d4e107f15739	3370a945f804be4edc697c3d95cca2e56eb647f573b1f35d88c1d4e107f15739	none	0
tr03-official-1/0026-cell-a-0011-cycle-stop/tr03-adapter.json	528	1136b0b21f9c27d858eb265a23457dd7968dae400b4a5c0a875b775b3895d5f3	afef0037e916ddb4b1a534e7aac6dd6a7fa7aa277588860e3da0cacd5e4dc176	redact	1
tr03-official-1/0026-cell-a-0011-cycle-stop/trace.jsonl	2753449	a55df3f5cdc56f18b0017cd7b46e030239af62127b1b460b0cff09c4eb7b48df	5de5fa0314bcf9d90a09cf7202255e6ffa4de3a254ec2b73fadef85c4cdc1920	gunzip+redact	10
tr03-official-1/0026-cell-a-0011-cycle-stop/vision-stderr.log	26	f6259e2742222db4cedc0f46e1f9d79c113803494192992ee22d2e0ff6d9cc6e	f6259e2742222db4cedc0f46e1f9d79c113803494192992ee22d2e0ff6d9cc6e	none	0
tr03-official-1/0027-cell-a-0012-normal/metadata.json	5288	1d1cb9023b2f8b86117ad277ca697110f1c54542b1409653530393cd6f747a44	8a3a33a7434e38ba4ade771c512b32a6a9d24e5dbb572e64ffe84cc2d34d00d4	redact	10
tr03-official-1/0027-cell-a-0012-normal/plc-stderr.log	0	e3b0c44298fc1c149afbf4c8996fb92427ae41e4649b934ca495991b7852b855	e3b0c44298fc1c149afbf4c8996fb92427ae41e4649b934ca495991b7852b855	none	0
tr03-official-1/0027-cell-a-0012-normal/processes.json	133	2d682689e80bda8c5620f25653426df526d1fbc1117dd5af83750c779d3b7848	2d682689e80bda8c5620f25653426df526d1fbc1117dd5af83750c779d3b7848	none	0
tr03-official-1/0027-cell-a-0012-normal/reference-10ms-differences.json	886504	56a769edddb122866805c85e7c64cf9f54062d3c480bee3f73f25665dcb0cd52	56a769edddb122866805c85e7c64cf9f54062d3c480bee3f73f25665dcb0cd52	gunzip	0
tr03-official-1/0027-cell-a-0012-normal/static.json	1057	344e5a151cc3eead38e891bef23e013ab48528c81fa4d1083644ec6d231eba0a	344e5a151cc3eead38e891bef23e013ab48528c81fa4d1083644ec6d231eba0a	none	0
tr03-official-1/0027-cell-a-0012-normal/summary.json	72762	e815b40f0904c4144d4e7ccbdde9efa96626134536aeefa8050cdc912c88ad47	e815b40f0904c4144d4e7ccbdde9efa96626134536aeefa8050cdc912c88ad47	none	0
tr03-official-1/0027-cell-a-0012-normal/tr03-adapter.json	524	6fdde4155700d9f3008bdeb128e36c6bc72a182935e1b793db0de99d7a12e8e0	92d7131752db8fd9d4af2c518e75907d4040b0d15abbb0d206333c1340e8b1a7	redact	1
tr03-official-1/0027-cell-a-0012-normal/trace.jsonl	2295170	28d8362e74b15b314bcf45dc6e604e2037c3817c27c86a218266558ae3c7eb87	6ec911a8a78d7fe621bda4561fb6111fabb73fce3af0b381cc869523f33138ce	gunzip+redact	10
tr03-official-1/0027-cell-a-0012-normal/vision-stderr.log	26	f6259e2742222db4cedc0f46e1f9d79c113803494192992ee22d2e0ff6d9cc6e	f6259e2742222db4cedc0f46e1f9d79c113803494192992ee22d2e0ff6d9cc6e	none	0
tr03-official-1/0028-cell-a-0012-cycle-stop/metadata.json	5292	d47762e1e7116a88a286a89bca9c65d87237d60166f2d0a0eaca596b0078e921	e250a75379d7c29fc423c2d519563d6a42cc18c0c064c7fc98d4d46a14883410	redact	10
tr03-official-1/0028-cell-a-0012-cycle-stop/plc-stderr.log	0	e3b0c44298fc1c149afbf4c8996fb92427ae41e4649b934ca495991b7852b855	e3b0c44298fc1c149afbf4c8996fb92427ae41e4649b934ca495991b7852b855	none	0
tr03-official-1/0028-cell-a-0012-cycle-stop/processes.json	133	2d682689e80bda8c5620f25653426df526d1fbc1117dd5af83750c779d3b7848	2d682689e80bda8c5620f25653426df526d1fbc1117dd5af83750c779d3b7848	none	0
tr03-official-1/0028-cell-a-0012-cycle-stop/reference-10ms-differences.json	502499	5b95cdbfba67d1420d062d4b80a6cff99184c72fa695b6862b8f386b118ae6b3	5b95cdbfba67d1420d062d4b80a6cff99184c72fa695b6862b8f386b118ae6b3	gunzip	0
tr03-official-1/0028-cell-a-0012-cycle-stop/static.json	1057	344e5a151cc3eead38e891bef23e013ab48528c81fa4d1083644ec6d231eba0a	344e5a151cc3eead38e891bef23e013ab48528c81fa4d1083644ec6d231eba0a	none	0
tr03-official-1/0028-cell-a-0012-cycle-stop/summary.json	87166	897c1d9284cb9593258ee0bbab1f4e84b954f5307876c8be63d612b923167267	897c1d9284cb9593258ee0bbab1f4e84b954f5307876c8be63d612b923167267	none	0
tr03-official-1/0028-cell-a-0012-cycle-stop/tr03-adapter.json	528	f523413a5a468f24daf6d4e418f0c6c7bf1173c55820bacef1d6ab99a17223f0	e6c1e804aee810ec4695ad7f76cd42f15b23d8ad8e4f0c98e1f262e2a9b700f4	redact	1
tr03-official-1/0028-cell-a-0012-cycle-stop/trace.jsonl	2754073	caf6a49bb65042ce1de4fd72b3efebb288e5a89aae56d6aa9578cb847a1209a3	5327efca481181496243bfd5d77ad02de2fd82873c55fe0700bea3fb4976aefe	gunzip+redact	10
tr03-official-1/0028-cell-a-0012-cycle-stop/vision-stderr.log	26	f6259e2742222db4cedc0f46e1f9d79c113803494192992ee22d2e0ff6d9cc6e	f6259e2742222db4cedc0f46e1f9d79c113803494192992ee22d2e0ff6d9cc6e	none	0
tr03-official-1/0029-cell-a-0013-normal/metadata.json	5288	d1481d8c4a01a68edc300f6b7737c57daf74837fa6ad03920ffb402070adfae1	f135f7456f74f517bf41efe8fb7da61318ff9a1fa16b39afa4f113058418298a	redact	10
tr03-official-1/0029-cell-a-0013-normal/plc-stderr.log	0	e3b0c44298fc1c149afbf4c8996fb92427ae41e4649b934ca495991b7852b855	e3b0c44298fc1c149afbf4c8996fb92427ae41e4649b934ca495991b7852b855	none	0
tr03-official-1/0029-cell-a-0013-normal/processes.json	133	2d682689e80bda8c5620f25653426df526d1fbc1117dd5af83750c779d3b7848	2d682689e80bda8c5620f25653426df526d1fbc1117dd5af83750c779d3b7848	none	0
tr03-official-1/0029-cell-a-0013-normal/reference-10ms-differences.json	928112	f189cd952ef5f43c5a4b52eca88012452261e2e2e67f6e0457d40055d8d96b66	f189cd952ef5f43c5a4b52eca88012452261e2e2e67f6e0457d40055d8d96b66	gunzip	0
tr03-official-1/0029-cell-a-0013-normal/static.json	1057	344e5a151cc3eead38e891bef23e013ab48528c81fa4d1083644ec6d231eba0a	344e5a151cc3eead38e891bef23e013ab48528c81fa4d1083644ec6d231eba0a	none	0
tr03-official-1/0029-cell-a-0013-normal/summary.json	72750	b7146e6d445e40f7ac6f81716b370bdc30c30c8269b721544c35965fd5133a34	b7146e6d445e40f7ac6f81716b370bdc30c30c8269b721544c35965fd5133a34	none	0
tr03-official-1/0029-cell-a-0013-normal/tr03-adapter.json	524	0630b3ad9030d0cb47c7bb35af650b78571d89ffed663f8f4c411b3d87794cb2	c95ad1912a8e2babc1466d143b1aab4c91b3a7e8cb848732f141b6fae560a060	redact	1
tr03-official-1/0029-cell-a-0013-normal/trace.jsonl	2298099	c263e0bb97fffc0eaaa2a418b0a14b43e25e349b94e0fcc3531eaacc647b919b	17888c7bad5e22289600071415494765283af2c3a01f872134c33a106847f091	gunzip+redact	10
tr03-official-1/0029-cell-a-0013-normal/vision-stderr.log	26	f6259e2742222db4cedc0f46e1f9d79c113803494192992ee22d2e0ff6d9cc6e	f6259e2742222db4cedc0f46e1f9d79c113803494192992ee22d2e0ff6d9cc6e	none	0
tr03-official-1/0030-cell-a-0013-cycle-stop/metadata.json	5292	f16854f2e66e94d3eddbd81bb4c35a0b3937944dce91a34a2371c974d4e398af	6366427373e43318bb39fe223644d3b3d1cad2cef37686468d937c2647a1693c	redact	10
tr03-official-1/0030-cell-a-0013-cycle-stop/plc-stderr.log	0	e3b0c44298fc1c149afbf4c8996fb92427ae41e4649b934ca495991b7852b855	e3b0c44298fc1c149afbf4c8996fb92427ae41e4649b934ca495991b7852b855	none	0
tr03-official-1/0030-cell-a-0013-cycle-stop/processes.json	133	2d682689e80bda8c5620f25653426df526d1fbc1117dd5af83750c779d3b7848	2d682689e80bda8c5620f25653426df526d1fbc1117dd5af83750c779d3b7848	none	0
tr03-official-1/0030-cell-a-0013-cycle-stop/reference-10ms-differences.json	544107	4ee6cda777ad84cb15a4d8290b7c6ee627456100a91bde2c609b135468895e55	4ee6cda777ad84cb15a4d8290b7c6ee627456100a91bde2c609b135468895e55	gunzip	0
tr03-official-1/0030-cell-a-0013-cycle-stop/static.json	1057	344e5a151cc3eead38e891bef23e013ab48528c81fa4d1083644ec6d231eba0a	344e5a151cc3eead38e891bef23e013ab48528c81fa4d1083644ec6d231eba0a	none	0
tr03-official-1/0030-cell-a-0013-cycle-stop/summary.json	87154	c0a4aee5ecb14d3e662cbfd83eb6ea7e2815b3370ef11ad7a955f6a02817a5f2	c0a4aee5ecb14d3e662cbfd83eb6ea7e2815b3370ef11ad7a955f6a02817a5f2	none	0
tr03-official-1/0030-cell-a-0013-cycle-stop/tr03-adapter.json	528	f6b8c8742b6d7ebfd8e4738746fb91723a18160577107d0216566c7c1d5a8cc0	ce1377529edd5db73681811ee95ffad90bb3cd488d8602676d66c57486ed23ec	redact	1
tr03-official-1/0030-cell-a-0013-cycle-stop/trace.jsonl	2757602	526aa345e69138acce57b67e7a0129db8fea769dde76ec88a0e8f1f9b9e3d7ad	d7a3f0419869bcd2da015f1ba95db5b925a3862f11f7fedc6a4cb64e736de19e	gunzip+redact	10
tr03-official-1/0030-cell-a-0013-cycle-stop/vision-stderr.log	26	f6259e2742222db4cedc0f46e1f9d79c113803494192992ee22d2e0ff6d9cc6e	f6259e2742222db4cedc0f46e1f9d79c113803494192992ee22d2e0ff6d9cc6e	none	0
tr03-official-1/0031-cell-a-0014-normal/metadata.json	5288	c09f37527f9b0f60ae37a26b4456b68bb4ad8d8b995fbbde2ba5c6d12764e185	a1634b212652256bec493a0694efc99505aa4988b9d68d58cda72c35ecfc9a3f	redact	10
tr03-official-1/0031-cell-a-0014-normal/plc-stderr.log	0	e3b0c44298fc1c149afbf4c8996fb92427ae41e4649b934ca495991b7852b855	e3b0c44298fc1c149afbf4c8996fb92427ae41e4649b934ca495991b7852b855	none	0
tr03-official-1/0031-cell-a-0014-normal/processes.json	133	2d682689e80bda8c5620f25653426df526d1fbc1117dd5af83750c779d3b7848	2d682689e80bda8c5620f25653426df526d1fbc1117dd5af83750c779d3b7848	none	0
tr03-official-1/0031-cell-a-0014-normal/reference-10ms-differences.json	952730	a26b1b074691685e10c08de76c9887cece4f874b6fb1de8b2bd1553b38c0c1f4	a26b1b074691685e10c08de76c9887cece4f874b6fb1de8b2bd1553b38c0c1f4	gunzip	0
tr03-official-1/0031-cell-a-0014-normal/static.json	1057	344e5a151cc3eead38e891bef23e013ab48528c81fa4d1083644ec6d231eba0a	344e5a151cc3eead38e891bef23e013ab48528c81fa4d1083644ec6d231eba0a	none	0
tr03-official-1/0031-cell-a-0014-normal/summary.json	72738	208ae6dc61e6d7ed29848e7347a885a2e54262e6de03678066993fac105f246a	208ae6dc61e6d7ed29848e7347a885a2e54262e6de03678066993fac105f246a	none	0
tr03-official-1/0031-cell-a-0014-normal/tr03-adapter.json	524	a4e4b0d2e2c791f167a8953ceed6e284731cb7607baf59beea1111ac9baeca7e	130510bcc15a7eec8a415eab852272aba5cc0bb33d3363824d3c63aa273e8507	redact	1
tr03-official-1/0031-cell-a-0014-normal/trace.jsonl	2308356	c971faea5a876886272d6e5b1cb7e76e19248ab6d6aafbccbf464a56725a1e36	1d6de4cfb7d34601963d60a5cf4efd67fc2fc906ba988274a9d920e31ad6e90a	gunzip+redact	10
tr03-official-1/0031-cell-a-0014-normal/vision-stderr.log	26	f6259e2742222db4cedc0f46e1f9d79c113803494192992ee22d2e0ff6d9cc6e	f6259e2742222db4cedc0f46e1f9d79c113803494192992ee22d2e0ff6d9cc6e	none	0
tr03-official-1/0032-cell-a-0014-cycle-stop/metadata.json	5292	b19b8422dc8fc65829fdcfb5b23c8cc89e879931a4d0ecf6c49e048a24dabb4e	821aef99a5dd5505a827b67181031f8c324ace223f10fe4a1514a21ef4d8854f	redact	10
tr03-official-1/0032-cell-a-0014-cycle-stop/plc-stderr.log	0	e3b0c44298fc1c149afbf4c8996fb92427ae41e4649b934ca495991b7852b855	e3b0c44298fc1c149afbf4c8996fb92427ae41e4649b934ca495991b7852b855	none	0
tr03-official-1/0032-cell-a-0014-cycle-stop/processes.json	133	2d682689e80bda8c5620f25653426df526d1fbc1117dd5af83750c779d3b7848	2d682689e80bda8c5620f25653426df526d1fbc1117dd5af83750c779d3b7848	none	0
tr03-official-1/0032-cell-a-0014-cycle-stop/reference-10ms-differences.json	568725	eb054ac9813574ee234b9740239ecd4efd52112208a8ba427ac5a7ee8cb5b1b2	eb054ac9813574ee234b9740239ecd4efd52112208a8ba427ac5a7ee8cb5b1b2	gunzip	0
tr03-official-1/0032-cell-a-0014-cycle-stop/static.json	1057	344e5a151cc3eead38e891bef23e013ab48528c81fa4d1083644ec6d231eba0a	344e5a151cc3eead38e891bef23e013ab48528c81fa4d1083644ec6d231eba0a	none	0
tr03-official-1/0032-cell-a-0014-cycle-stop/summary.json	87142	70df7ba5ab6e47e5d3c677094e6ecde7e585eb5016d6ffb7a86ee3b5ec12f902	70df7ba5ab6e47e5d3c677094e6ecde7e585eb5016d6ffb7a86ee3b5ec12f902	none	0
tr03-official-1/0032-cell-a-0014-cycle-stop/tr03-adapter.json	528	728d2a5cd76b596219536afe2c3695c9a2ced9ee199665f64660aab3106e5461	67abe780180dedd2082a9b93048281ed5548826a5fdd895dfb1b7321a65c03ed	redact	1
tr03-official-1/0032-cell-a-0014-cycle-stop/trace.jsonl	2770059	cff63b6c5baf6a0ceaacff587fffa1f72a2e35aacb417c2085017db465870217	d018501eb9597ca90aedd8b7df102e2be1477e55e2c871cd99971989b0feba79	gunzip+redact	10
tr03-official-1/0032-cell-a-0014-cycle-stop/vision-stderr.log	26	f6259e2742222db4cedc0f46e1f9d79c113803494192992ee22d2e0ff6d9cc6e	f6259e2742222db4cedc0f46e1f9d79c113803494192992ee22d2e0ff6d9cc6e	none	0
tr03-official-1/0033-cell-a-0015-normal/metadata.json	5288	91ad3dcd353e1f82b2149156877dcd72fd06fd85d6a20069b2d1e973cb71e3f2	deef695b65610bee56e54872e04840b526e0e6bc5f6e4abda3009d442add0e71	redact	10
tr03-official-1/0033-cell-a-0015-normal/plc-stderr.log	0	e3b0c44298fc1c149afbf4c8996fb92427ae41e4649b934ca495991b7852b855	e3b0c44298fc1c149afbf4c8996fb92427ae41e4649b934ca495991b7852b855	none	0
tr03-official-1/0033-cell-a-0015-normal/processes.json	133	2d682689e80bda8c5620f25653426df526d1fbc1117dd5af83750c779d3b7848	2d682689e80bda8c5620f25653426df526d1fbc1117dd5af83750c779d3b7848	none	0
tr03-official-1/0033-cell-a-0015-normal/reference-10ms-differences.json	952730	a26b1b074691685e10c08de76c9887cece4f874b6fb1de8b2bd1553b38c0c1f4	a26b1b074691685e10c08de76c9887cece4f874b6fb1de8b2bd1553b38c0c1f4	gunzip	0
tr03-official-1/0033-cell-a-0015-normal/static.json	1057	344e5a151cc3eead38e891bef23e013ab48528c81fa4d1083644ec6d231eba0a	344e5a151cc3eead38e891bef23e013ab48528c81fa4d1083644ec6d231eba0a	none	0
tr03-official-1/0033-cell-a-0015-normal/summary.json	72734	c9d04ce64bcd4db8fa14cf3687dd18f0a40c892c371300e6d7fd49f398ba56e7	c9d04ce64bcd4db8fa14cf3687dd18f0a40c892c371300e6d7fd49f398ba56e7	none	0
tr03-official-1/0033-cell-a-0015-normal/tr03-adapter.json	524	6f245f66c2901f682b2659804f4456127c0f1fd1721f820796f9eee46ae02eb9	ee1b04983a8d3685cae97a491d207062564ef5d6f6f6ace47ad9b99706115aa7	redact	1
tr03-official-1/0033-cell-a-0015-normal/trace.jsonl	2289489	56e1977d899d7b74e280012dfb0439f9976dffc8f8c1da8cac755ecff8c14cc0	4f5b5faf7c7121b6ec4db3bbe6521a3ae0c39d417c4f8267d2dd69ea46b39069	gunzip+redact	10
tr03-official-1/0033-cell-a-0015-normal/vision-stderr.log	26	f6259e2742222db4cedc0f46e1f9d79c113803494192992ee22d2e0ff6d9cc6e	f6259e2742222db4cedc0f46e1f9d79c113803494192992ee22d2e0ff6d9cc6e	none	0
tr03-official-1/0034-cell-a-0015-cycle-stop/metadata.json	5292	2f1111b879b20ca3d5a1546d002de6d9267ce82d0f28316a5bac321bd951dafa	e9633b0019fe3bd3f71aee1a2d449aff9af8d02b24be9cb838e28d20fbfff432	redact	10
tr03-official-1/0034-cell-a-0015-cycle-stop/plc-stderr.log	0	e3b0c44298fc1c149afbf4c8996fb92427ae41e4649b934ca495991b7852b855	e3b0c44298fc1c149afbf4c8996fb92427ae41e4649b934ca495991b7852b855	none	0
tr03-official-1/0034-cell-a-0015-cycle-stop/processes.json	133	2d682689e80bda8c5620f25653426df526d1fbc1117dd5af83750c779d3b7848	2d682689e80bda8c5620f25653426df526d1fbc1117dd5af83750c779d3b7848	none	0
tr03-official-1/0034-cell-a-0015-cycle-stop/reference-10ms-differences.json	568725	eb054ac9813574ee234b9740239ecd4efd52112208a8ba427ac5a7ee8cb5b1b2	eb054ac9813574ee234b9740239ecd4efd52112208a8ba427ac5a7ee8cb5b1b2	gunzip	0
tr03-official-1/0034-cell-a-0015-cycle-stop/static.json	1057	344e5a151cc3eead38e891bef23e013ab48528c81fa4d1083644ec6d231eba0a	344e5a151cc3eead38e891bef23e013ab48528c81fa4d1083644ec6d231eba0a	none	0
tr03-official-1/0034-cell-a-0015-cycle-stop/summary.json	87139	9ada0db9ec01b7e210002096bd0b468bdc0573c804cf2c3f3d6c753f1510d474	9ada0db9ec01b7e210002096bd0b468bdc0573c804cf2c3f3d6c753f1510d474	none	0
tr03-official-1/0034-cell-a-0015-cycle-stop/tr03-adapter.json	528	bf6fabce627c6c0a4ddbb579466767cf97687629590b769786eb9979a939d1e2	95f7d957814f2de6908f0825d08ce84845b91bf04eb141e9913613ad8a88e38f	redact	1
tr03-official-1/0034-cell-a-0015-cycle-stop/trace.jsonl	2750193	5ce22600f663aad9f01eee4a723d12420897f953debfc364e82a91e6f95f78b6	51e51a780cea71558fa2626a037f7b56ac30b51093cae0c8a87953b9e1a29ed1	gunzip+redact	10
tr03-official-1/0034-cell-a-0015-cycle-stop/vision-stderr.log	26	f6259e2742222db4cedc0f46e1f9d79c113803494192992ee22d2e0ff6d9cc6e	f6259e2742222db4cedc0f46e1f9d79c113803494192992ee22d2e0ff6d9cc6e	none	0
tr03-official-1/0035-cell-a-0016-normal/metadata.json	5288	1993f6075a6f5171acfa4a21e3bc3fd6f0d3953dc014bef8a136176e1bf9de7f	7d9a4617e6d2c58bd3da82d7ecad22ab4252b4c2659d9c96db3cec8cdcb2220a	redact	10
tr03-official-1/0035-cell-a-0016-normal/plc-stderr.log	0	e3b0c44298fc1c149afbf4c8996fb92427ae41e4649b934ca495991b7852b855	e3b0c44298fc1c149afbf4c8996fb92427ae41e4649b934ca495991b7852b855	none	0
tr03-official-1/0035-cell-a-0016-normal/processes.json	133	2d682689e80bda8c5620f25653426df526d1fbc1117dd5af83750c779d3b7848	2d682689e80bda8c5620f25653426df526d1fbc1117dd5af83750c779d3b7848	none	0
tr03-official-1/0035-cell-a-0016-normal/reference-10ms-differences.json	886882	1400990beaa6f1966bc443f449fcb1042521bdae162fd9f5e3d91970ef92bf99	1400990beaa6f1966bc443f449fcb1042521bdae162fd9f5e3d91970ef92bf99	gunzip	0
tr03-official-1/0035-cell-a-0016-normal/static.json	1057	344e5a151cc3eead38e891bef23e013ab48528c81fa4d1083644ec6d231eba0a	344e5a151cc3eead38e891bef23e013ab48528c81fa4d1083644ec6d231eba0a	none	0
tr03-official-1/0035-cell-a-0016-normal/summary.json	72762	67a5369343338a694ceadd33cd7d259be41aa237eeac87c1a4ad1c686862f683	67a5369343338a694ceadd33cd7d259be41aa237eeac87c1a4ad1c686862f683	none	0
tr03-official-1/0035-cell-a-0016-normal/tr03-adapter.json	524	51f42fce8191e9f975fa5d22f2804c6cef7486b49b0aec49d4797fd2619d7bbd	d897eca8bed25216a3b3a45c16d734959172afbccb651337c7addc7eaafd76e0	redact	1
tr03-official-1/0035-cell-a-0016-normal/trace.jsonl	2295170	74fd16f596df61b2910a2987cdfa0193dd807f0f0e616e7a0c3e116c4d3dfb53	136d4d5832bc8bf3082445816c20493c99466c113583c99bbe3ab965ac3800bb	gunzip+redact	10
tr03-official-1/0035-cell-a-0016-normal/vision-stderr.log	26	f6259e2742222db4cedc0f46e1f9d79c113803494192992ee22d2e0ff6d9cc6e	f6259e2742222db4cedc0f46e1f9d79c113803494192992ee22d2e0ff6d9cc6e	none	0
tr03-official-1/0036-cell-a-0016-cycle-stop/metadata.json	5292	71907a44a7ff4d2dbaa1929b2277d2f8b31247b8af2cbd3887f7837bf251bf86	cfc2a382767d958fe7cc40e5f2272955be5d8d152b180b52ab983f6f9eb38b75	redact	10
tr03-official-1/0036-cell-a-0016-cycle-stop/plc-stderr.log	0	e3b0c44298fc1c149afbf4c8996fb92427ae41e4649b934ca495991b7852b855	e3b0c44298fc1c149afbf4c8996fb92427ae41e4649b934ca495991b7852b855	none	0
tr03-official-1/0036-cell-a-0016-cycle-stop/processes.json	133	2d682689e80bda8c5620f25653426df526d1fbc1117dd5af83750c779d3b7848	2d682689e80bda8c5620f25653426df526d1fbc1117dd5af83750c779d3b7848	none	0
tr03-official-1/0036-cell-a-0016-cycle-stop/reference-10ms-differences.json	502877	dba04f1f8c715e497ed1399fd716a2753bcaa63a2c9401f0fe1a25dfed931eff	dba04f1f8c715e497ed1399fd716a2753bcaa63a2c9401f0fe1a25dfed931eff	gunzip	0
tr03-official-1/0036-cell-a-0016-cycle-stop/static.json	1057	344e5a151cc3eead38e891bef23e013ab48528c81fa4d1083644ec6d231eba0a	344e5a151cc3eead38e891bef23e013ab48528c81fa4d1083644ec6d231eba0a	none	0
tr03-official-1/0036-cell-a-0016-cycle-stop/summary.json	87166	8d1c25f5df670294aa25622419c9ccbb02b1d8079025a54709c9e4522f2f56d6	8d1c25f5df670294aa25622419c9ccbb02b1d8079025a54709c9e4522f2f56d6	none	0
tr03-official-1/0036-cell-a-0016-cycle-stop/tr03-adapter.json	528	fb5fd11b5d74adf0a4d089a12295e57356f07b66cb4e9f0224eff2c28f2e3869	3c8802d9c3f5488c731a8f4f19c03e5c752cb8b55ab72632a88cfe5d38881c26	redact	1
tr03-official-1/0036-cell-a-0016-cycle-stop/trace.jsonl	2754073	a37165f2008af3a788fa72602525d6118e7f714bc19bf0bc70a2a1f44085a1c2	b21df3318ba7a088d2d8801a2eae3c53a868e6706de898385d9f050feda1b721	gunzip+redact	10
tr03-official-1/0036-cell-a-0016-cycle-stop/vision-stderr.log	26	f6259e2742222db4cedc0f46e1f9d79c113803494192992ee22d2e0ff6d9cc6e	f6259e2742222db4cedc0f46e1f9d79c113803494192992ee22d2e0ff6d9cc6e	none	0
tr03-official-1/0037-cell-a-0017-normal/metadata.json	5288	6f76754deab9368a9ea0c626fdc6f62942287d93c1af75b260ba39f6153770cc	9a3e0f29b2bb6edb4d0ad11dc08aee78f1d3130b5fa2a82f19a53d55368685e5	redact	10
tr03-official-1/0037-cell-a-0017-normal/plc-stderr.log	0	e3b0c44298fc1c149afbf4c8996fb92427ae41e4649b934ca495991b7852b855	e3b0c44298fc1c149afbf4c8996fb92427ae41e4649b934ca495991b7852b855	none	0
tr03-official-1/0037-cell-a-0017-normal/processes.json	133	2d682689e80bda8c5620f25653426df526d1fbc1117dd5af83750c779d3b7848	2d682689e80bda8c5620f25653426df526d1fbc1117dd5af83750c779d3b7848	none	0
tr03-official-1/0037-cell-a-0017-normal/reference-10ms-differences.json	952730	a26b1b074691685e10c08de76c9887cece4f874b6fb1de8b2bd1553b38c0c1f4	a26b1b074691685e10c08de76c9887cece4f874b6fb1de8b2bd1553b38c0c1f4	gunzip	0
tr03-official-1/0037-cell-a-0017-normal/static.json	1057	344e5a151cc3eead38e891bef23e013ab48528c81fa4d1083644ec6d231eba0a	344e5a151cc3eead38e891bef23e013ab48528c81fa4d1083644ec6d231eba0a	none	0
tr03-official-1/0037-cell-a-0017-normal/summary.json	72734	35b30e0ad625e3b1d2c8c009a92399efe1c51aed643d45e717c0c6e7f1c97b56	35b30e0ad625e3b1d2c8c009a92399efe1c51aed643d45e717c0c6e7f1c97b56	none	0
tr03-official-1/0037-cell-a-0017-normal/tr03-adapter.json	524	72a9f02fcf4ca8d9e47094d11f57cb70b830be8d837173f9b77ac13e86cb760e	e914b300a19477163a00908bd94b6dda242466be77f3b8811879484874ad6736	redact	1
tr03-official-1/0037-cell-a-0017-normal/trace.jsonl	2289489	814b3f3207f6f05bd0920706911d085c0e9087b786750e9b1f1389c685732375	39fffe402d2d09dbabaa354dab2feeca962963ba878f6bdd332b0c3f8f3f3c94	gunzip+redact	10
tr03-official-1/0037-cell-a-0017-normal/vision-stderr.log	26	f6259e2742222db4cedc0f46e1f9d79c113803494192992ee22d2e0ff6d9cc6e	f6259e2742222db4cedc0f46e1f9d79c113803494192992ee22d2e0ff6d9cc6e	none	0
tr03-official-1/0038-cell-a-0017-cycle-stop/metadata.json	5292	80fdd8861a25be54ece1d7383a68434851285d58b29a1015a4f11348772007f8	14ed7c64cb7943e895f9cd177d048f41422b145dabd3bd10d5df07b03cd0a5fb	redact	10
tr03-official-1/0038-cell-a-0017-cycle-stop/plc-stderr.log	0	e3b0c44298fc1c149afbf4c8996fb92427ae41e4649b934ca495991b7852b855	e3b0c44298fc1c149afbf4c8996fb92427ae41e4649b934ca495991b7852b855	none	0
tr03-official-1/0038-cell-a-0017-cycle-stop/processes.json	133	2d682689e80bda8c5620f25653426df526d1fbc1117dd5af83750c779d3b7848	2d682689e80bda8c5620f25653426df526d1fbc1117dd5af83750c779d3b7848	none	0
tr03-official-1/0038-cell-a-0017-cycle-stop/reference-10ms-differences.json	568725	eb054ac9813574ee234b9740239ecd4efd52112208a8ba427ac5a7ee8cb5b1b2	eb054ac9813574ee234b9740239ecd4efd52112208a8ba427ac5a7ee8cb5b1b2	gunzip	0
tr03-official-1/0038-cell-a-0017-cycle-stop/static.json	1057	344e5a151cc3eead38e891bef23e013ab48528c81fa4d1083644ec6d231eba0a	344e5a151cc3eead38e891bef23e013ab48528c81fa4d1083644ec6d231eba0a	none	0
tr03-official-1/0038-cell-a-0017-cycle-stop/summary.json	87139	a4ea7bcb6014d547ec851ae7a826ec7e1deedc957704b018f8d43b504ae9cd46	a4ea7bcb6014d547ec851ae7a826ec7e1deedc957704b018f8d43b504ae9cd46	none	0
tr03-official-1/0038-cell-a-0017-cycle-stop/tr03-adapter.json	528	1fad32e9e9613c836ce3edfb572f366d177e07e6f2881c7b907f4083da68a916	14a3be3977ff92009cafe19a07738c0e72816f5ac7c1d81474db3f5510bf3ddc	redact	1
tr03-official-1/0038-cell-a-0017-cycle-stop/trace.jsonl	2750193	9c89774f840e95364716bbeeb4e057c5de5efd142e438d32ececcc0d602761fd	d51a660b464ce2ba4365df6b0567de86124738f9e93ea8b465d2d629cdadde6d	gunzip+redact	10
tr03-official-1/0038-cell-a-0017-cycle-stop/vision-stderr.log	26	f6259e2742222db4cedc0f46e1f9d79c113803494192992ee22d2e0ff6d9cc6e	f6259e2742222db4cedc0f46e1f9d79c113803494192992ee22d2e0ff6d9cc6e	none	0
tr03-official-1/0039-cell-a-0018-normal/metadata.json	5288	95e0d33a19942b98e6e0a61c891a6d57df5e5ce72efaab9489df1d063caf4fee	ef4e704bd9989b137707e36f9ed9b3c317233ea972ae6dc760f13c1eca766a39	redact	10
tr03-official-1/0039-cell-a-0018-normal/plc-stderr.log	0	e3b0c44298fc1c149afbf4c8996fb92427ae41e4649b934ca495991b7852b855	e3b0c44298fc1c149afbf4c8996fb92427ae41e4649b934ca495991b7852b855	none	0
tr03-official-1/0039-cell-a-0018-normal/processes.json	133	2d682689e80bda8c5620f25653426df526d1fbc1117dd5af83750c779d3b7848	2d682689e80bda8c5620f25653426df526d1fbc1117dd5af83750c779d3b7848	none	0
tr03-official-1/0039-cell-a-0018-normal/reference-10ms-differences.json	3	37517e5f3dc66819f61f5a7bb8ace1921282415f10551d2defa5c3eb0985b570	37517e5f3dc66819f61f5a7bb8ace1921282415f10551d2defa5c3eb0985b570	gunzip	0
tr03-official-1/0039-cell-a-0018-normal/static.json	1057	344e5a151cc3eead38e891bef23e013ab48528c81fa4d1083644ec6d231eba0a	344e5a151cc3eead38e891bef23e013ab48528c81fa4d1083644ec6d231eba0a	none	0
tr03-official-1/0039-cell-a-0018-normal/summary.json	72808	b9663ff91a361021794bd8873bbcd9d32de1a7c87aa4e2c83bf9e09d69d5b491	b9663ff91a361021794bd8873bbcd9d32de1a7c87aa4e2c83bf9e09d69d5b491	none	0
tr03-official-1/0039-cell-a-0018-normal/tr03-adapter.json	524	b69fdc2e028be1e9e8744440ce29dc389a5e105eae013bd763724706604e5103	8401879a68d1e1e187cb5070dc3f18bb8c88225823a14aa5b4be034f553dd9e6	redact	1
tr03-official-1/0039-cell-a-0018-normal/trace.jsonl	2294546	054d29cd8218dc1e8373562b12a3e73b9f0669517fc5c8e42ce135ec1754befa	bc5d00127197431002f6d942c195cab0495fb55d5e659200260c79d51143c972	gunzip+redact	10
tr03-official-1/0039-cell-a-0018-normal/vision-stderr.log	26	f6259e2742222db4cedc0f46e1f9d79c113803494192992ee22d2e0ff6d9cc6e	f6259e2742222db4cedc0f46e1f9d79c113803494192992ee22d2e0ff6d9cc6e	none	0
tr03-official-1/0040-cell-a-0018-cycle-stop/metadata.json	5292	e888f820f0d6252561513a6d6168615bec8204da5b33a106870ee5455151dbb8	7c4c038ba9b79fe47cc0d397303324a54021009ca574644ea4c5e851bddebb9d	redact	10
tr03-official-1/0040-cell-a-0018-cycle-stop/plc-stderr.log	0	e3b0c44298fc1c149afbf4c8996fb92427ae41e4649b934ca495991b7852b855	e3b0c44298fc1c149afbf4c8996fb92427ae41e4649b934ca495991b7852b855	none	0
tr03-official-1/0040-cell-a-0018-cycle-stop/processes.json	133	2d682689e80bda8c5620f25653426df526d1fbc1117dd5af83750c779d3b7848	2d682689e80bda8c5620f25653426df526d1fbc1117dd5af83750c779d3b7848	none	0
tr03-official-1/0040-cell-a-0018-cycle-stop/reference-10ms-differences.json	3	37517e5f3dc66819f61f5a7bb8ace1921282415f10551d2defa5c3eb0985b570	37517e5f3dc66819f61f5a7bb8ace1921282415f10551d2defa5c3eb0985b570	gunzip	0
tr03-official-1/0040-cell-a-0018-cycle-stop/static.json	1057	344e5a151cc3eead38e891bef23e013ab48528c81fa4d1083644ec6d231eba0a	344e5a151cc3eead38e891bef23e013ab48528c81fa4d1083644ec6d231eba0a	none	0
tr03-official-1/0040-cell-a-0018-cycle-stop/summary.json	87212	e88f3db0259e5238be258ab1c3ca299daf006ae502fffe4c370ae095a00775ab	e88f3db0259e5238be258ab1c3ca299daf006ae502fffe4c370ae095a00775ab	none	0
tr03-official-1/0040-cell-a-0018-cycle-stop/tr03-adapter.json	528	0d5168b347b2ac8936ee909f164a1c7fccc935c625b6ebdd701eb514fe5ac579	deb0ce487a96759c2a47d1d4d3ce8274c788affe7862bdb078b07d9f60bafa7f	redact	1
tr03-official-1/0040-cell-a-0018-cycle-stop/trace.jsonl	2753449	815bb10be330cb409957ebd1d07327780d651b03b748810dcbb5f6f08328ec6c	a54aef95c343cc474d03b32155443feeef2afdfe460deb7f2502ded156b334cf	gunzip+redact	10
tr03-official-1/0040-cell-a-0018-cycle-stop/vision-stderr.log	26	f6259e2742222db4cedc0f46e1f9d79c113803494192992ee22d2e0ff6d9cc6e	f6259e2742222db4cedc0f46e1f9d79c113803494192992ee22d2e0ff6d9cc6e	none	0
tr03-official-1/0041-cell-a-0019-normal/metadata.json	5288	7eb9b16bf0e84af94d264d1375c61d8f462478f3185ed1f1e342d6d8f2a5e558	4c80788539407af7f6b6311fd5df54c7d1479a20aedb908a42827b056942f1a4	redact	10
tr03-official-1/0041-cell-a-0019-normal/plc-stderr.log	0	e3b0c44298fc1c149afbf4c8996fb92427ae41e4649b934ca495991b7852b855	e3b0c44298fc1c149afbf4c8996fb92427ae41e4649b934ca495991b7852b855	none	0
tr03-official-1/0041-cell-a-0019-normal/processes.json	133	2d682689e80bda8c5620f25653426df526d1fbc1117dd5af83750c779d3b7848	2d682689e80bda8c5620f25653426df526d1fbc1117dd5af83750c779d3b7848	none	0
tr03-official-1/0041-cell-a-0019-normal/reference-10ms-differences.json	3	37517e5f3dc66819f61f5a7bb8ace1921282415f10551d2defa5c3eb0985b570	37517e5f3dc66819f61f5a7bb8ace1921282415f10551d2defa5c3eb0985b570	gunzip	0
tr03-official-1/0041-cell-a-0019-normal/static.json	1057	344e5a151cc3eead38e891bef23e013ab48528c81fa4d1083644ec6d231eba0a	344e5a151cc3eead38e891bef23e013ab48528c81fa4d1083644ec6d231eba0a	none	0
tr03-official-1/0041-cell-a-0019-normal/summary.json	72808	adba77a485f2268997e6a6304b6d10eb514883431bb548c14b66c65717313668	adba77a485f2268997e6a6304b6d10eb514883431bb548c14b66c65717313668	none	0
tr03-official-1/0041-cell-a-0019-normal/tr03-adapter.json	524	eeb987bd07c2e0d1a3d10debca2b9f8c3047e4c0f7ed82b9c4aea2cfd9239607	61c0154f9928557d806baac5cfba681a998db00f01593f9c8e0d9d28fd83bb3e	redact	1
tr03-official-1/0041-cell-a-0019-normal/trace.jsonl	2294546	c0be031200ed4bc03588aa7902f2687de4d00319dd78fbffef272805ac25210b	cea849d01d463e81a6ce1f491217b1655077fc57bef80c0afaff3481d5cf1d91	gunzip+redact	10
tr03-official-1/0041-cell-a-0019-normal/vision-stderr.log	26	f6259e2742222db4cedc0f46e1f9d79c113803494192992ee22d2e0ff6d9cc6e	f6259e2742222db4cedc0f46e1f9d79c113803494192992ee22d2e0ff6d9cc6e	none	0
tr03-official-1/0042-cell-a-0019-cycle-stop/metadata.json	5292	e2542f078c2d0e045f29edf82b4a7606e764aa9659ec727a1b6209477cc182b6	50d6ea0a87ab6f847458b0d0a884e7d5ef9598f7c8321288558b4c35093a3af9	redact	10
tr03-official-1/0042-cell-a-0019-cycle-stop/plc-stderr.log	0	e3b0c44298fc1c149afbf4c8996fb92427ae41e4649b934ca495991b7852b855	e3b0c44298fc1c149afbf4c8996fb92427ae41e4649b934ca495991b7852b855	none	0
tr03-official-1/0042-cell-a-0019-cycle-stop/processes.json	133	2d682689e80bda8c5620f25653426df526d1fbc1117dd5af83750c779d3b7848	2d682689e80bda8c5620f25653426df526d1fbc1117dd5af83750c779d3b7848	none	0
tr03-official-1/0042-cell-a-0019-cycle-stop/reference-10ms-differences.json	3	37517e5f3dc66819f61f5a7bb8ace1921282415f10551d2defa5c3eb0985b570	37517e5f3dc66819f61f5a7bb8ace1921282415f10551d2defa5c3eb0985b570	gunzip	0
tr03-official-1/0042-cell-a-0019-cycle-stop/static.json	1057	344e5a151cc3eead38e891bef23e013ab48528c81fa4d1083644ec6d231eba0a	344e5a151cc3eead38e891bef23e013ab48528c81fa4d1083644ec6d231eba0a	none	0
tr03-official-1/0042-cell-a-0019-cycle-stop/summary.json	87212	e6bfdacaca8c3a6760ff6ab306287321d8c3c5e32c640e7c45b6648305b17dbf	e6bfdacaca8c3a6760ff6ab306287321d8c3c5e32c640e7c45b6648305b17dbf	none	0
tr03-official-1/0042-cell-a-0019-cycle-stop/tr03-adapter.json	528	5598aef5639e1118e9a88af94a6b3e1734f3b3e730e3ea66bf17b366caf60ce8	95644bb12b26fef63f22c4f0669b530c8632286721cab593b7f494285a060537	redact	1
tr03-official-1/0042-cell-a-0019-cycle-stop/trace.jsonl	2753449	e0a672a70a0939e2fb7785635143fe487371167601ecb0ede55dfa6bae400107	9d28986410e939fe62c1f5b2afad8eb124640a7fe4d12a49bf35a04d35ffe57f	gunzip+redact	10
tr03-official-1/0042-cell-a-0019-cycle-stop/vision-stderr.log	26	f6259e2742222db4cedc0f46e1f9d79c113803494192992ee22d2e0ff6d9cc6e	f6259e2742222db4cedc0f46e1f9d79c113803494192992ee22d2e0ff6d9cc6e	none	0
tr03-official-1/0043-cell-a-0020-normal/metadata.json	5288	4ea5d3c3db984c6cab2b62d219a9034b404bf8f8c1738f99e67f5e20ba9650c7	f34091600f17a7768ba829ae48ab92382d7d44d5b2b3f2b4366f691a283dfbad	redact	10
tr03-official-1/0043-cell-a-0020-normal/plc-stderr.log	0	e3b0c44298fc1c149afbf4c8996fb92427ae41e4649b934ca495991b7852b855	e3b0c44298fc1c149afbf4c8996fb92427ae41e4649b934ca495991b7852b855	none	0
tr03-official-1/0043-cell-a-0020-normal/processes.json	133	2d682689e80bda8c5620f25653426df526d1fbc1117dd5af83750c779d3b7848	2d682689e80bda8c5620f25653426df526d1fbc1117dd5af83750c779d3b7848	none	0
tr03-official-1/0043-cell-a-0020-normal/reference-10ms-differences.json	3	37517e5f3dc66819f61f5a7bb8ace1921282415f10551d2defa5c3eb0985b570	37517e5f3dc66819f61f5a7bb8ace1921282415f10551d2defa5c3eb0985b570	gunzip	0
tr03-official-1/0043-cell-a-0020-normal/static.json	1057	344e5a151cc3eead38e891bef23e013ab48528c81fa4d1083644ec6d231eba0a	344e5a151cc3eead38e891bef23e013ab48528c81fa4d1083644ec6d231eba0a	none	0
tr03-official-1/0043-cell-a-0020-normal/summary.json	72808	cc51cb222374fae9e0c91c0bb49ea4b91b265cc66b86763ce95ccbee2ee30452	cc51cb222374fae9e0c91c0bb49ea4b91b265cc66b86763ce95ccbee2ee30452	none	0
tr03-official-1/0043-cell-a-0020-normal/tr03-adapter.json	524	90f3009a58a222e2c0d8f94606486de0d33ebc0684dc4439a7de8d1a6f64352e	8057d6b677b66876475dbf6229ae4469df7ea080504923c0dddb2f506e446554	redact	1
tr03-official-1/0043-cell-a-0020-normal/trace.jsonl	2294546	260a12a9eb3aecc21e8cca08306c03a5bc5bab43f4b8b548ff52562d1ee1fe1c	d3a743fd00a4941b8bda1c3fe3374c1ed53dd1d82a790ce27f28842900544e43	gunzip+redact	10
tr03-official-1/0043-cell-a-0020-normal/vision-stderr.log	26	f6259e2742222db4cedc0f46e1f9d79c113803494192992ee22d2e0ff6d9cc6e	f6259e2742222db4cedc0f46e1f9d79c113803494192992ee22d2e0ff6d9cc6e	none	0
tr03-official-1/0044-cell-a-0020-cycle-stop/metadata.json	5292	267419bb6ffb55e40d8f4d57c975ada49e30160ea00cb8c84e775253b0535c23	9d63b4de54872fdf25cd1f9c0d2298aa7ac3d7e35d6ec3b11a551692963f178d	redact	10
tr03-official-1/0044-cell-a-0020-cycle-stop/plc-stderr.log	0	e3b0c44298fc1c149afbf4c8996fb92427ae41e4649b934ca495991b7852b855	e3b0c44298fc1c149afbf4c8996fb92427ae41e4649b934ca495991b7852b855	none	0
tr03-official-1/0044-cell-a-0020-cycle-stop/processes.json	133	2d682689e80bda8c5620f25653426df526d1fbc1117dd5af83750c779d3b7848	2d682689e80bda8c5620f25653426df526d1fbc1117dd5af83750c779d3b7848	none	0
tr03-official-1/0044-cell-a-0020-cycle-stop/reference-10ms-differences.json	3	37517e5f3dc66819f61f5a7bb8ace1921282415f10551d2defa5c3eb0985b570	37517e5f3dc66819f61f5a7bb8ace1921282415f10551d2defa5c3eb0985b570	gunzip	0
tr03-official-1/0044-cell-a-0020-cycle-stop/static.json	1057	344e5a151cc3eead38e891bef23e013ab48528c81fa4d1083644ec6d231eba0a	344e5a151cc3eead38e891bef23e013ab48528c81fa4d1083644ec6d231eba0a	none	0
tr03-official-1/0044-cell-a-0020-cycle-stop/summary.json	87212	b1affd999efc949ee56725172b5ddcecc780a77c58d5fc895579725be82bf18b	b1affd999efc949ee56725172b5ddcecc780a77c58d5fc895579725be82bf18b	none	0
tr03-official-1/0044-cell-a-0020-cycle-stop/tr03-adapter.json	528	3f15cca2c6a96521716ff1dc7d47233cb77c453eeb91731e7697ac58531e2f55	7d8c334f2eb10ec62a9155fbe2eeade373beb0c8dc724ccaa7296e014bb4d6f3	redact	1
tr03-official-1/0044-cell-a-0020-cycle-stop/trace.jsonl	2753449	64c6cd06365883a491bfba0763381e640547aa20aea9fcf12c2c2134b70726a1	a7e232cd95958e4a565dbb681d03349492792875e73150711f803ca27f275f69	gunzip+redact	10
tr03-official-1/0044-cell-a-0020-cycle-stop/vision-stderr.log	26	f6259e2742222db4cedc0f46e1f9d79c113803494192992ee22d2e0ff6d9cc6e	f6259e2742222db4cedc0f46e1f9d79c113803494192992ee22d2e0ff6d9cc6e	none	0
tr03-official-1/0045-cell-a-0021-normal/metadata.json	5288	3ecbb107a6468bc4eb61b23a5f91e8193e17e8468e339c44193b196f674b60cf	766ad3a5198705cf2c829e8f1566a840632888f5f6b26a9fe71aac2185dff077	redact	10
tr03-official-1/0045-cell-a-0021-normal/plc-stderr.log	0	e3b0c44298fc1c149afbf4c8996fb92427ae41e4649b934ca495991b7852b855	e3b0c44298fc1c149afbf4c8996fb92427ae41e4649b934ca495991b7852b855	none	0
tr03-official-1/0045-cell-a-0021-normal/processes.json	133	2d682689e80bda8c5620f25653426df526d1fbc1117dd5af83750c779d3b7848	2d682689e80bda8c5620f25653426df526d1fbc1117dd5af83750c779d3b7848	none	0
tr03-official-1/0045-cell-a-0021-normal/reference-10ms-differences.json	5634	3f2882a2f016502706ad198b235638f7fff86e320ef9ba4fdfd8c6bbacb7c3b2	3f2882a2f016502706ad198b235638f7fff86e320ef9ba4fdfd8c6bbacb7c3b2	gunzip	0
tr03-official-1/0045-cell-a-0021-normal/static.json	1057	344e5a151cc3eead38e891bef23e013ab48528c81fa4d1083644ec6d231eba0a	344e5a151cc3eead38e891bef23e013ab48528c81fa4d1083644ec6d231eba0a	none	0
tr03-official-1/0045-cell-a-0021-normal/summary.json	72809	776a068029ed4f0e4d8deb5806e63ac97fd44cdbabf1785e1f1dc7ddf1d4e0b9	776a068029ed4f0e4d8deb5806e63ac97fd44cdbabf1785e1f1dc7ddf1d4e0b9	none	0
tr03-official-1/0045-cell-a-0021-normal/tr03-adapter.json	524	c3378405e3563be4a64d28b706323d39c9673b51304c90a124656100d958cf37	27b77ba2b35c7e434c6024f4090eb60b40481d8bc2da4a9012bc5a440f5f7715	redact	1
tr03-official-1/0045-cell-a-0021-normal/trace.jsonl	2294583	659c2af5bc82d0b7663261e8b5921aa435c61b2d2ad2379d91f483c9fa6d9a6a	adff13523e317ecdde770bb0b303853ed0ba9c53d8fffe685bc0729c2369e9df	gunzip+redact	10
tr03-official-1/0045-cell-a-0021-normal/vision-stderr.log	26	f6259e2742222db4cedc0f46e1f9d79c113803494192992ee22d2e0ff6d9cc6e	f6259e2742222db4cedc0f46e1f9d79c113803494192992ee22d2e0ff6d9cc6e	none	0
tr03-official-1/0046-cell-a-0021-cycle-stop/metadata.json	5292	b4fe974f84af423af016281398377c878b999e957549ed662d5c0a478506e0ff	199d8a8563d21cefec98a95364d97674eae90ab669f0bed6f24e71f4e4ac00e8	redact	10
tr03-official-1/0046-cell-a-0021-cycle-stop/plc-stderr.log	0	e3b0c44298fc1c149afbf4c8996fb92427ae41e4649b934ca495991b7852b855	e3b0c44298fc1c149afbf4c8996fb92427ae41e4649b934ca495991b7852b855	none	0
tr03-official-1/0046-cell-a-0021-cycle-stop/processes.json	133	2d682689e80bda8c5620f25653426df526d1fbc1117dd5af83750c779d3b7848	2d682689e80bda8c5620f25653426df526d1fbc1117dd5af83750c779d3b7848	none	0
tr03-official-1/0046-cell-a-0021-cycle-stop/reference-10ms-differences.json	5634	3f2882a2f016502706ad198b235638f7fff86e320ef9ba4fdfd8c6bbacb7c3b2	3f2882a2f016502706ad198b235638f7fff86e320ef9ba4fdfd8c6bbacb7c3b2	gunzip	0
tr03-official-1/0046-cell-a-0021-cycle-stop/static.json	1057	344e5a151cc3eead38e891bef23e013ab48528c81fa4d1083644ec6d231eba0a	344e5a151cc3eead38e891bef23e013ab48528c81fa4d1083644ec6d231eba0a	none	0
tr03-official-1/0046-cell-a-0021-cycle-stop/summary.json	87213	277956c3874736b5ca6924d3af3620fee9ddf50fcbfe2cf6aa11893b560d52c0	277956c3874736b5ca6924d3af3620fee9ddf50fcbfe2cf6aa11893b560d52c0	none	0
tr03-official-1/0046-cell-a-0021-cycle-stop/tr03-adapter.json	528	5a1c057dfb28465db301bcd8f0eb17cd91a898850719bcf7990a96196dbb09e6	df6565904755de6a5e68d3a32c3edf0ead8c4bf7b6a802f1d93a0515aa66a4be	redact	1
tr03-official-1/0046-cell-a-0021-cycle-stop/trace.jsonl	2753486	d6517414ed92877ec1f5d95d1d6344034b8eea4b8cf80a3a9b94b5280b43c831	ca4100be5a4118d5581881af6eb4da55ec9a05b04554bcb56544fc811447887a	gunzip+redact	10
tr03-official-1/0046-cell-a-0021-cycle-stop/vision-stderr.log	26	f6259e2742222db4cedc0f46e1f9d79c113803494192992ee22d2e0ff6d9cc6e	f6259e2742222db4cedc0f46e1f9d79c113803494192992ee22d2e0ff6d9cc6e	none	0
tr03-official-1/0047-cell-a-0022-normal/metadata.json	5288	5c4abce7f1fab290a7d290e455b20e946fd46f0da83ea5e251f3c410ee0bd067	0e618a37a2b7d158b2b6a1bbaa85e19eb50ba09d7f63002014df20909ad77134	redact	10
tr03-official-1/0047-cell-a-0022-normal/plc-stderr.log	0	e3b0c44298fc1c149afbf4c8996fb92427ae41e4649b934ca495991b7852b855	e3b0c44298fc1c149afbf4c8996fb92427ae41e4649b934ca495991b7852b855	none	0
tr03-official-1/0047-cell-a-0022-normal/processes.json	133	2d682689e80bda8c5620f25653426df526d1fbc1117dd5af83750c779d3b7848	2d682689e80bda8c5620f25653426df526d1fbc1117dd5af83750c779d3b7848	none	0
tr03-official-1/0047-cell-a-0022-normal/reference-10ms-differences.json	918998	f0002168c6f92250c864b411ae652dd3f9e4d25443057afd2f4e68e9dc3c4b2b	f0002168c6f92250c864b411ae652dd3f9e4d25443057afd2f4e68e9dc3c4b2b	gunzip	0
tr03-official-1/0047-cell-a-0022-normal/static.json	1057	344e5a151cc3eead38e891bef23e013ab48528c81fa4d1083644ec6d231eba0a	344e5a151cc3eead38e891bef23e013ab48528c81fa4d1083644ec6d231eba0a	none	0
tr03-official-1/0047-cell-a-0022-normal/summary.json	73035	58351248e057ebafafcee783d94da56e5ef50d44a7a6c2bdc3c9e1fa6bafef6e	58351248e057ebafafcee783d94da56e5ef50d44a7a6c2bdc3c9e1fa6bafef6e	none	0
tr03-official-1/0047-cell-a-0022-normal/tr03-adapter.json	524	5582b9db6231a6bc245fecc68293fcdafb6add58c743912b7a99c3b7efca7dab	3faac1d53bf70724d45729c6afd78e0c9c898bbc3f3f5038acd17bc5a9662186	redact	1
tr03-official-1/0047-cell-a-0022-normal/trace.jsonl	2276523	c339e3aa6ce6b0bf82b330a62e458a8a92f7562902034afa7382e5ccf64395a6	790cb954d754a93e9e2571d66da1baf1df8293212c720669a73fed8f8d4f259c	gunzip+redact	10
tr03-official-1/0047-cell-a-0022-normal/vision-stderr.log	26	f6259e2742222db4cedc0f46e1f9d79c113803494192992ee22d2e0ff6d9cc6e	f6259e2742222db4cedc0f46e1f9d79c113803494192992ee22d2e0ff6d9cc6e	none	0
tr03-official-1/0048-cell-a-0022-cycle-stop/metadata.json	5292	8860d6860730fa41d43c6c33c1bcd4b1fa960390bf722ccbab04af0fb5f5fe6d	e28f0a5ea90aa89c65ebbf81f773b63d451a2b557f0d5bb48634f372f4f186b2	redact	10
tr03-official-1/0048-cell-a-0022-cycle-stop/plc-stderr.log	0	e3b0c44298fc1c149afbf4c8996fb92427ae41e4649b934ca495991b7852b855	e3b0c44298fc1c149afbf4c8996fb92427ae41e4649b934ca495991b7852b855	none	0
tr03-official-1/0048-cell-a-0022-cycle-stop/processes.json	133	2d682689e80bda8c5620f25653426df526d1fbc1117dd5af83750c779d3b7848	2d682689e80bda8c5620f25653426df526d1fbc1117dd5af83750c779d3b7848	none	0
tr03-official-1/0048-cell-a-0022-cycle-stop/reference-10ms-differences.json	538993	a54a7c8f8e303aaa3d2cc2336673e32a7c55b60748b3953b645a0d97e9f928a4	a54a7c8f8e303aaa3d2cc2336673e32a7c55b60748b3953b645a0d97e9f928a4	gunzip	0
tr03-official-1/0048-cell-a-0022-cycle-stop/static.json	1057	344e5a151cc3eead38e891bef23e013ab48528c81fa4d1083644ec6d231eba0a	344e5a151cc3eead38e891bef23e013ab48528c81fa4d1083644ec6d231eba0a	none	0
tr03-official-1/0048-cell-a-0022-cycle-stop/summary.json	87440	4e996497a79fc7b756395f9154ec2fb277ea75f28a1566d4981e9263b512eefd	4e996497a79fc7b756395f9154ec2fb277ea75f28a1566d4981e9263b512eefd	none	0
tr03-official-1/0048-cell-a-0022-cycle-stop/tr03-adapter.json	528	6e869d83031ed98819e46d8276321effa301c72abb007c5851db233500b30279	74ea05db6f52d6b3035e6609c0d8cd2f3b5b7caa4de0e6f8ce6614c622a7fbe3	redact	1
tr03-official-1/0048-cell-a-0022-cycle-stop/trace.jsonl	2742825	15c0525f392854c8b4254a782977793c86a96f71c461e96ae1b9b1b2fe142e07	821a7c6fee8c9e90e6bc536f5d6dbf9d9bdd8f1cbd56d2afd3be74027a0c20a5	gunzip+redact	10
tr03-official-1/0048-cell-a-0022-cycle-stop/vision-stderr.log	26	f6259e2742222db4cedc0f46e1f9d79c113803494192992ee22d2e0ff6d9cc6e	f6259e2742222db4cedc0f46e1f9d79c113803494192992ee22d2e0ff6d9cc6e	none	0
tr03-official-1/0049-cell-a-0023-normal/metadata.json	5288	83bb72a895fcc96fe6d18662ed45d6bc03897e0e735a5931156d0779671a90ca	d1ac20fc51e7aab0370b2efb0c6296f1700a54e8d7ed5078273aa05704424f4e	redact	10
tr03-official-1/0049-cell-a-0023-normal/plc-stderr.log	0	e3b0c44298fc1c149afbf4c8996fb92427ae41e4649b934ca495991b7852b855	e3b0c44298fc1c149afbf4c8996fb92427ae41e4649b934ca495991b7852b855	none	0
tr03-official-1/0049-cell-a-0023-normal/processes.json	133	2d682689e80bda8c5620f25653426df526d1fbc1117dd5af83750c779d3b7848	2d682689e80bda8c5620f25653426df526d1fbc1117dd5af83750c779d3b7848	none	0
tr03-official-1/0049-cell-a-0023-normal/reference-10ms-differences.json	3	37517e5f3dc66819f61f5a7bb8ace1921282415f10551d2defa5c3eb0985b570	37517e5f3dc66819f61f5a7bb8ace1921282415f10551d2defa5c3eb0985b570	gunzip	0
tr03-official-1/0049-cell-a-0023-normal/static.json	1057	344e5a151cc3eead38e891bef23e013ab48528c81fa4d1083644ec6d231eba0a	344e5a151cc3eead38e891bef23e013ab48528c81fa4d1083644ec6d231eba0a	none	0
tr03-official-1/0049-cell-a-0023-normal/summary.json	72808	6a5333796ea713b7bf1e694896638db14af8f5eeb9416f4fe123d167788e296a	6a5333796ea713b7bf1e694896638db14af8f5eeb9416f4fe123d167788e296a	none	0
tr03-official-1/0049-cell-a-0023-normal/tr03-adapter.json	524	c2570b125a3015bcc4d80768ad6f794678b371034c2c98bb3c5e326001d223d4	c0d086ad0dcc81c4c6c6bdfa36b425c08dd32d81a1a8acf373fb37f261610603	redact	1
tr03-official-1/0049-cell-a-0023-normal/trace.jsonl	2294546	22a57997142f56324a7c1325af57d546ba48b3dd838e9918c04a137e27fb7f37	e9ecdd8ebd38304bf298970bb29454891bd338d82ae6d2ffddb4ce01e297da38	gunzip+redact	10
tr03-official-1/0049-cell-a-0023-normal/vision-stderr.log	26	f6259e2742222db4cedc0f46e1f9d79c113803494192992ee22d2e0ff6d9cc6e	f6259e2742222db4cedc0f46e1f9d79c113803494192992ee22d2e0ff6d9cc6e	none	0
tr03-official-1/0050-cell-a-0023-cycle-stop/metadata.json	5292	327ec3f8ded68dbe2581d760f67bec8cbc465e2459ee7d41fd70b14770fc4a58	f9877ed17838b1822c4a37ac290f4da42bcdfebb322c64f4c8bf29e390e45bf6	redact	10
tr03-official-1/0050-cell-a-0023-cycle-stop/plc-stderr.log	0	e3b0c44298fc1c149afbf4c8996fb92427ae41e4649b934ca495991b7852b855	e3b0c44298fc1c149afbf4c8996fb92427ae41e4649b934ca495991b7852b855	none	0
tr03-official-1/0050-cell-a-0023-cycle-stop/processes.json	133	2d682689e80bda8c5620f25653426df526d1fbc1117dd5af83750c779d3b7848	2d682689e80bda8c5620f25653426df526d1fbc1117dd5af83750c779d3b7848	none	0
tr03-official-1/0050-cell-a-0023-cycle-stop/reference-10ms-differences.json	3	37517e5f3dc66819f61f5a7bb8ace1921282415f10551d2defa5c3eb0985b570	37517e5f3dc66819f61f5a7bb8ace1921282415f10551d2defa5c3eb0985b570	gunzip	0
tr03-official-1/0050-cell-a-0023-cycle-stop/static.json	1057	344e5a151cc3eead38e891bef23e013ab48528c81fa4d1083644ec6d231eba0a	344e5a151cc3eead38e891bef23e013ab48528c81fa4d1083644ec6d231eba0a	none	0
tr03-official-1/0050-cell-a-0023-cycle-stop/summary.json	87212	b3cba2973286b8f242759c910ad74de6fb7467758fb5e7d0876e9acbe4c5c785	b3cba2973286b8f242759c910ad74de6fb7467758fb5e7d0876e9acbe4c5c785	none	0
tr03-official-1/0050-cell-a-0023-cycle-stop/tr03-adapter.json	528	b84ef707ad538bb1a3c00f58635d1af96f15de43ad0dd4d90c485801d111a7af	8c49d75731a0ed2404a7483afcb2f8d79441f2251fadd101168de0ebf8b62e2d	redact	1
tr03-official-1/0050-cell-a-0023-cycle-stop/trace.jsonl	2753449	9ea8e640239fe05ad7e6fc8308dce4a4c6f13d09a7978e739ae6bc345111adfb	431c714c0586eb9ebe6635d01e0b58a55f1eead239287f072cb55b7a8b77aa84	gunzip+redact	10
tr03-official-1/0050-cell-a-0023-cycle-stop/vision-stderr.log	26	f6259e2742222db4cedc0f46e1f9d79c113803494192992ee22d2e0ff6d9cc6e	f6259e2742222db4cedc0f46e1f9d79c113803494192992ee22d2e0ff6d9cc6e	none	0
tr03-official-1/0051-cell-a-0024-normal/metadata.json	5288	99029c130c2879abf47fd554982e326244b1aea9516cad4195487f14f6823680	6ba582b31384ae5b0c0e878656974074aec8e8cf024c734ca6263637fe6a3830	redact	10
tr03-official-1/0051-cell-a-0024-normal/plc-stderr.log	0	e3b0c44298fc1c149afbf4c8996fb92427ae41e4649b934ca495991b7852b855	e3b0c44298fc1c149afbf4c8996fb92427ae41e4649b934ca495991b7852b855	none	0
tr03-official-1/0051-cell-a-0024-normal/processes.json	133	2d682689e80bda8c5620f25653426df526d1fbc1117dd5af83750c779d3b7848	2d682689e80bda8c5620f25653426df526d1fbc1117dd5af83750c779d3b7848	none	0
tr03-official-1/0051-cell-a-0024-normal/reference-10ms-differences.json	942790	609b684262f0ff11cdc2aa191cd2a92fc67cea583f6d5c4dbb8ac4a1c8c054db	609b684262f0ff11cdc2aa191cd2a92fc67cea583f6d5c4dbb8ac4a1c8c054db	gunzip	0
tr03-official-1/0051-cell-a-0024-normal/static.json	1057	344e5a151cc3eead38e891bef23e013ab48528c81fa4d1083644ec6d231eba0a	344e5a151cc3eead38e891bef23e013ab48528c81fa4d1083644ec6d231eba0a	none	0
tr03-official-1/0051-cell-a-0024-normal/summary.json	73018	dc635448006eebb73e9302e9dcc1d3ec36aad47773edcacc35b834fdb75da709	dc635448006eebb73e9302e9dcc1d3ec36aad47773edcacc35b834fdb75da709	none	0
tr03-official-1/0051-cell-a-0024-normal/tr03-adapter.json	524	f56f45636be181a93a3949fc676272a49a3f7d5e6aea5f8d2e954d9ac81c6ae0	fe4298632ac4d11f996b5af1209bcd9f3179e81e26abaf34f168f59ec5f0bcc6	redact	1
tr03-official-1/0051-cell-a-0024-normal/trace.jsonl	2276118	3636925083f78ff8df55fd31a16a574ca875c6145680ab2a23cbcdc8abd097bd	b15cd6df3be34a963ef329860624116d4961366eefd2268b167ee01db0508c67	gunzip+redact	10
tr03-official-1/0051-cell-a-0024-normal/vision-stderr.log	26	f6259e2742222db4cedc0f46e1f9d79c113803494192992ee22d2e0ff6d9cc6e	f6259e2742222db4cedc0f46e1f9d79c113803494192992ee22d2e0ff6d9cc6e	none	0
tr03-official-1/0052-cell-a-0024-cycle-stop/metadata.json	5292	b50ca22c511efe0fac482eacbb21e8b2a4e567ecbef3ed37cc4624a66ff9ba52	89a652dc14a27624266bd422c9f15845dcd957c2b785b56bdec053855d17cfd0	redact	10
tr03-official-1/0052-cell-a-0024-cycle-stop/plc-stderr.log	0	e3b0c44298fc1c149afbf4c8996fb92427ae41e4649b934ca495991b7852b855	e3b0c44298fc1c149afbf4c8996fb92427ae41e4649b934ca495991b7852b855	none	0
tr03-official-1/0052-cell-a-0024-cycle-stop/processes.json	133	2d682689e80bda8c5620f25653426df526d1fbc1117dd5af83750c779d3b7848	2d682689e80bda8c5620f25653426df526d1fbc1117dd5af83750c779d3b7848	none	0
tr03-official-1/0052-cell-a-0024-cycle-stop/reference-10ms-differences.json	562785	ce8d1067f149576f36c3d61050158b731f72141c132849ee96fc856ba1414715	ce8d1067f149576f36c3d61050158b731f72141c132849ee96fc856ba1414715	gunzip	0
tr03-official-1/0052-cell-a-0024-cycle-stop/static.json	1057	344e5a151cc3eead38e891bef23e013ab48528c81fa4d1083644ec6d231eba0a	344e5a151cc3eead38e891bef23e013ab48528c81fa4d1083644ec6d231eba0a	none	0
tr03-official-1/0052-cell-a-0024-cycle-stop/summary.json	87423	9b5bcadfb0cb43064bff982bf46110be61829a9ba98aad7f34c36dc3157c3d71	9b5bcadfb0cb43064bff982bf46110be61829a9ba98aad7f34c36dc3157c3d71	none	0
tr03-official-1/0052-cell-a-0024-cycle-stop/tr03-adapter.json	528	b200c956b25485165419fa18be155e5a4c5d58c46162f53043adc7912e8c43b0	0acb062e26547e0fa1f66e814992c2d29e7e56e392c7f73bff23a07fa65fddbc	redact	1
tr03-official-1/0052-cell-a-0024-cycle-stop/trace.jsonl	2742420	db6c476969dad4ab509228910fa3cf6d18dd008e785780456bfcd60b816e55cd	ddf0613aade691eb9e50b095fb733a524400bd30809d3d519a1aac5fa47ba1d0	gunzip+redact	10
tr03-official-1/0052-cell-a-0024-cycle-stop/vision-stderr.log	26	f6259e2742222db4cedc0f46e1f9d79c113803494192992ee22d2e0ff6d9cc6e	f6259e2742222db4cedc0f46e1f9d79c113803494192992ee22d2e0ff6d9cc6e	none	0
tr03-official-1/0053-cell-a-0025-normal/metadata.json	5288	39abeae19af7c3478e928d104b75be3f1edee78429e01e043f3cdb349b38b98d	8de5f6b07b241a4caf145be8c21cdc2479b2583e59ac012ce7510a7ba40507c2	redact	10
tr03-official-1/0053-cell-a-0025-normal/plc-stderr.log	0	e3b0c44298fc1c149afbf4c8996fb92427ae41e4649b934ca495991b7852b855	e3b0c44298fc1c149afbf4c8996fb92427ae41e4649b934ca495991b7852b855	none	0
tr03-official-1/0053-cell-a-0025-normal/processes.json	133	2d682689e80bda8c5620f25653426df526d1fbc1117dd5af83750c779d3b7848	2d682689e80bda8c5620f25653426df526d1fbc1117dd5af83750c779d3b7848	none	0
tr03-official-1/0053-cell-a-0025-normal/reference-10ms-differences.json	952730	a26b1b074691685e10c08de76c9887cece4f874b6fb1de8b2bd1553b38c0c1f4	a26b1b074691685e10c08de76c9887cece4f874b6fb1de8b2bd1553b38c0c1f4	gunzip	0
tr03-official-1/0053-cell-a-0025-normal/static.json	1057	344e5a151cc3eead38e891bef23e013ab48528c81fa4d1083644ec6d231eba0a	344e5a151cc3eead38e891bef23e013ab48528c81fa4d1083644ec6d231eba0a	none	0
tr03-official-1/0053-cell-a-0025-normal/summary.json	72735	265a92c2c3de76b7d218cc04201ef6b6a47bce2c6aa3678969e235c37d6922e8	265a92c2c3de76b7d218cc04201ef6b6a47bce2c6aa3678969e235c37d6922e8	none	0
tr03-official-1/0053-cell-a-0025-normal/tr03-adapter.json	524	c3bf0ba652c3e3a03419c79b0a7ef4765020a16fc3d4a904b4b3c04ff01fcf71	56dc2e366e5cab2409203b6dc433502e0030dcb2a7f9d5b434423e0cfe78b93e	redact	1
tr03-official-1/0053-cell-a-0025-normal/trace.jsonl	2294460	05d64db2ff7f06a6e8fc6ccac055fe1a6340f93a23be09e9e36d6941988ad819	680c1cf477e877cd1840bfbd38a2d9420511aec6fc196399153366c65e917fe5	gunzip+redact	10
tr03-official-1/0053-cell-a-0025-normal/vision-stderr.log	26	f6259e2742222db4cedc0f46e1f9d79c113803494192992ee22d2e0ff6d9cc6e	f6259e2742222db4cedc0f46e1f9d79c113803494192992ee22d2e0ff6d9cc6e	none	0
tr03-official-1/0054-cell-a-0025-cycle-stop/metadata.json	5292	20a679d175cbb77368806d24cb0907a9e4192cdd8b79d8a8c125efa4847a2a7d	0b74a104882f9fd326cc0f08b6aaf9eb299a165dace0641c8585fe3d8f969bc4	redact	10
tr03-official-1/0054-cell-a-0025-cycle-stop/plc-stderr.log	0	e3b0c44298fc1c149afbf4c8996fb92427ae41e4649b934ca495991b7852b855	e3b0c44298fc1c149afbf4c8996fb92427ae41e4649b934ca495991b7852b855	none	0
tr03-official-1/0054-cell-a-0025-cycle-stop/processes.json	133	2d682689e80bda8c5620f25653426df526d1fbc1117dd5af83750c779d3b7848	2d682689e80bda8c5620f25653426df526d1fbc1117dd5af83750c779d3b7848	none	0
tr03-official-1/0054-cell-a-0025-cycle-stop/reference-10ms-differences.json	568725	eb054ac9813574ee234b9740239ecd4efd52112208a8ba427ac5a7ee8cb5b1b2	eb054ac9813574ee234b9740239ecd4efd52112208a8ba427ac5a7ee8cb5b1b2	gunzip	0
tr03-official-1/0054-cell-a-0025-cycle-stop/static.json	1057	344e5a151cc3eead38e891bef23e013ab48528c81fa4d1083644ec6d231eba0a	344e5a151cc3eead38e891bef23e013ab48528c81fa4d1083644ec6d231eba0a	none	0
tr03-official-1/0054-cell-a-0025-cycle-stop/summary.json	87139	9e5cb5dd881f9a392974afc72cab70c00b30de8746fd20c6477cfcd9048658bf	9e5cb5dd881f9a392974afc72cab70c00b30de8746fd20c6477cfcd9048658bf	none	0
tr03-official-1/0054-cell-a-0025-cycle-stop/tr03-adapter.json	528	7a9767095b9ef7581cb5300016436f5e2513ded800b546e6065fa398bb502844	2713b10410b4261902feca39ba5baccddbbe119e80c184b92393e324bcad6872	redact	1
tr03-official-1/0054-cell-a-0025-cycle-stop/trace.jsonl	2753163	0de42af0288f2c6afd29d921b3d7337d27e1635f5803dfe0c5f59e0bcdf0d082	ff022efa9ccd77b11d4a537da6a71fd215b6988b8a30d8ac7fd3deb1157739a4	gunzip+redact	10
tr03-official-1/0054-cell-a-0025-cycle-stop/vision-stderr.log	26	f6259e2742222db4cedc0f46e1f9d79c113803494192992ee22d2e0ff6d9cc6e	f6259e2742222db4cedc0f46e1f9d79c113803494192992ee22d2e0ff6d9cc6e	none	0
tr03-official-1/STATUS.txt	39	23c3217bb503dbcafba93940b44ca51487891c186e6fbca7975aafb52ecc9f15	23c3217bb503dbcafba93940b44ca51487891c186e6fbca7975aafb52ecc9f15	none	0
tr03-official-1/fixed-inputs-20260930-110452.json	48	1e85d28558b30ad0f60f7186062f727522d58cb233837c5b0c44f95c580130f6	1e85d28558b30ad0f60f7186062f727522d58cb233837c5b0c44f95c580130f6	none	0
tr03-official-1/fixed-inputs-20261001-052658-end.json	48	d6a4955808556ced20515fcd72c132a976244391c3a16cbc8db2499b197b5393	d6a4955808556ced20515fcd72c132a976244391c3a16cbc8db2499b197b5393	none	0
tr03-official-1/ladders/generator-result.json	38	55f1bfd23f733d66b22ff7eec28e7bb6563ab30cdd2ab0c0adb97f190cb20880	55f1bfd23f733d66b22ff7eec28e7bb6563ab30cdd2ab0c0adb97f190cb20880	none	0
tr03-official-1/ladders/ladders-sha256.json	95098	5718dbb801a94c8521449afb6d931f9552f312e957303cc2e726bfb8a622688a	5718dbb801a94c8521449afb6d931f9552f312e957303cc2e726bfb8a622688a	none	0
tr03-official-1/ledger.jsonl	3610359	19de8654e24c0ac8ea1a3518806638b881142b406277aada0f9b41fa0ca5bf64	4d7bed1d8e1e3f1633480653f9b471894b9d800c9ff3f04380e937207a6e0296	redact	12
tr03-official-1/run-header.json	1020	27a3b266456841c28cf8600d7dde8fa78addb327f26c5ee3e05a9a15a73a8143	27a3b266456841c28cf8600d7dde8fa78addb327f26c5ee3e05a9a15a73a8143	none	0
