path	bytes_public	sha256_public	sha256_original	transform
ladders/BASE-cell-a.program.ldprog.json	22129	c63691f6cdb5918bd05c421bb5a920b77ae3dd36592b95a99b3b5b6d743aea39	5058bd0b97644e66c0310a540a0403931bf6bd8195445576430d6dd1cabf8ef1	marker line removed (pre-registered conversion)
ladders/BASE-cell-b.program.ldprog.json	441365	79b33cc9e60f3779e0d2a51a182dfad42dcfadd3e83ecfcaa91f001b132c0600	05999e23b90b265f9907e0cd05f5469eccec6195e43326310bb9b491bd4ed0b1	marker line removed (pre-registered conversion)
ladders/BASE-cell-b-pack.program.ldprog.json	696603	1e8b3615364784c3b9db4cd0deda66c8a69948f27f0808ac026db98267ae8fce	5a4cc91db8f6e53197e613ff87426bc94438a0b7c3226946417b2aa407b53fb1	marker line removed (pre-registered conversion)
ladders/T01-G1-r1.program.ldprog.json	18840	93d644e318dfcb89dfcf3673bf35149f4b240c3922a925f7090531ec1a64691e	9a5545694e6cdaca5a166017846266477f9af10b34c1a0207cdb5b1d8f2d621c	marker line removed (pre-registered conversion)
ladders/T01-G1-r2.program.ldprog.json	22373	e686c14531455a9b102a832b0d196bf27b8e4828361998e0321a4c9ee38e9065	da359dcdb19767539440cb9c34252e3c5a840c90f3082a9ebb127ca8e92ad359	marker line removed (pre-registered conversion)
ladders/T01-G1-r3.program.ldprog.json	29145	5af1ea0b3f70b682ea71da8bc39570063a4ff0077aa3730fbf3e1c198ca33346	3225f1a5ad39aa7bd70a1bbf3623c2e82ee9740d81b21cd6b5346f606c625658	marker line removed (pre-registered conversion)
ladders/T01-G2-r1.program.ldprog.json	19962	09a6f876b05fd8c624872dd9171fd0dd46fe414adb048ca6077a5d78b17629b0	027b6e0c763e4e40dba761154d9d1027fb3ead26533ec5ff76ed72bb389d85fd	marker line removed (pre-registered conversion)
ladders/T01-G2-r2.program.ldprog.json	20911	8fb0e9d332f067414c78c40aa41e33043625de9d55a77ad3b7ac98e1a5d3c93e	e1964129fc49f5c9f8f5bfa006d59e95bcdacdacb4c385d43d031675abf76512	marker line removed (pre-registered conversion)
ladders/T01-G2-r3.program.ldprog.json	21063	7f0591d140edbb554eba34a3af95549555cb37190783de40b002bb71a1cc7e20	65c0f5dbfcdf5009a410a0f333bac2308133fb77c88f1166ba68b8c4bb39d815	marker line removed (pre-registered conversion)
ladders/T02-G1-r1.program.ldprog.json	22263	fa847725b646c4f68b31c667ae05a297c1d1767b0bcb02790c409f6305924713	2c9a99193631f8be13026099d26aefa9a376d341ef512f67b039bca145782b15	marker line removed (pre-registered conversion)
ladders/T02-G1-r2.program.ldprog.json	21998	bd1ca539befb023a4d300f36594dd8b33e2134b32962d2fa6cc783e509a1d88f	0de6bd708abed0836bfef0b4bd4ef5f0afc510771fc1deaf1cf5e753fffeb5fa	marker line removed (pre-registered conversion)
ladders/T02-G1-r3.program.ldprog.json	22288	e78ab333aba27b17ba6143400735b19fe8e4e402c5d4cd52879f13ada0924f9e	90418b2ea8607945b825f4a1c5cc6a658db4ebaabf9561425795ad558cee8a12	marker line removed (pre-registered conversion)
ladders/T02-G2-r1.program.ldprog.json	22286	8aac6e66e5e6b91bdcec187d5996f3fbbf1e9c4cfdfe3fec6cdb43aa36d0787f	447edd2f5c21b3ca430d84bd6898420437e7da43a0f67521246f8f69e45b51a7	marker line removed (pre-registered conversion)
ladders/T02-G2-r2.program.ldprog.json	22178	0fa8f1fd6f53c00044d96ed812a39882c911308896afef0759bc4c97ea2f6b2b	d24dad03178b3185231f2a89949a4e63a64cc794659cdc1e3825e1930acec589	marker line removed (pre-registered conversion)
ladders/T02-G2-r3.program.ldprog.json	22191	2f15f8d126d7efa28c9d7992133516e2745e4e5afe9e54b2ac00865e4072d5f9	ad8ec5b981afdb3d247b513eb3ce7b9b563841f90b6a1833be5d50fc4b36afcf	marker line removed (pre-registered conversion)
ladders/T02-G3-r1.program.ldprog.json	27414	8a3b6f32516bd6ff7262337b371edbcc41d8669e817d3ee06c0d1eeff90fa864	b92c9512268ee2235a366f8a899ad939709d7513a1a201181de5a9b7cf5b2bbe	marker line removed (pre-registered conversion)
ladders/T03-G1-r1.program.ldprog.json	22145	768a8d3725ec866a2f5627da36afc3fa6618b7e3d7080b9c9faa6eebd71a2cb6	6f6ffa23eefa593b17c99ca92dcd4517bba6a6c3957c94919066e9d8086ba031	marker line removed (pre-registered conversion)
ladders/T03-G1-r2.program.ldprog.json	22164	890ddeec1329d88220c9d30fbf9c343b0fce687dea9f5bd30dad23c00e161980	0536c6e04d83f87b5f9ef0d3c63e704f1919e69bc185d044caaeade17cca1391	marker line removed (pre-registered conversion)
ladders/T03-G1-r3.program.ldprog.json	22153	6e740cfa6bd54e49019e542c8049f5b21265f2da4e59f2477d514a99cf3850e5	f67257eac3f6a632a52743f135c9abcadb10eb40fb7fbb7bb0f5a85bbaa5d8ba	marker line removed (pre-registered conversion)
ladders/T03-G2-r1.program.ldprog.json	21889	7e68d3de609c37b5f95bb4d2ac3fd9c22a549d18c7cb3fbb4e4095409d535011	50a98313ca4d5eb04055eca9ddf6fd8bea368697da6f1d0b6b72115c76abc3d2	marker line removed (pre-registered conversion)
ladders/T03-G2-r2.program.ldprog.json	21943	97cfd0814ba74439e791250cb120492852fdad658bacf451d66228f99fd5e2d3	2e14f75cca65089e1a7869886cae76ed3791f01670a62ce19e0c29a670985249	marker line removed (pre-registered conversion)
ladders/T03-G2-r3.program.ldprog.json	21877	02034d36f3b763a9d6e79344ae86a8125042f5b7e7126a2a5ad75fc6f50254bf	853c7c7d5a79054e620390b05932ad3c48a27ff3a7429fef4d1d34e331361ced	marker line removed (pre-registered conversion)
ladders/T03-G3-r1.program.ldprog.json	22461	95dd95d8dbceeb70fd54b1a6fce0254e8d29c17a7acd289e62299597669978e2	18728b57df46f2c73b0b3547f030a7b7c92400e182b9821bf08520520c9b0e45	marker line removed (pre-registered conversion)
ladders/T04-G1-r1.program.ldprog.json	21742	b6fd44084fe907c000af26baeb7eaca00f0a3a9111ec537e1be5db09b0f33e6f	24502a2eb32fa0a429fc975a3ee81b22d4bcf18b1c1ea79237edf07a0c18f8d0	marker line removed (pre-registered conversion)
ladders/T04-G1-r2.program.ldprog.json	21695	513f7b5f10690bf8ebfa973c876fbeaa8e62b93e2b31ff173decd26135faefe9	73510639031c375d682621d38efe5ac402a05338dfb2a4477dbe3dfa74ad5c9c	marker line removed (pre-registered conversion)
ladders/T04-G1-r3.program.ldprog.json	22003	a38297721cc48ea662a019d8d624eb2d1d0232d79ab58dec18329df8cca716dc	b2f6beb788d2d5ad7b100e00801f189cf8544ade61621e135eb67925a48a23ce	marker line removed (pre-registered conversion)
ladders/T04-G2-r1.program.ldprog.json	21998	777d5d7c3377a37091fde9eaa6cdd7ff0fa1600f739db21944dac569fdb87020	e570d380edd91301d1e3c6bafc8b53e4dc8517823551121e418b0e46f2081f85	marker line removed (pre-registered conversion)
ladders/T04-G2-r2.program.ldprog.json	21904	7f4c02f70eb186e5bb927f04481c9e9838cd420c3a2552a877f50aa48f906703	35ca98f8144c3bd308979e6aa264e2c84ca749613ed79ace905d03e80231e918	marker line removed (pre-registered conversion)
ladders/T04-G2-r3.program.ldprog.json	22304	1c39728d87c03b305117bf5aa64f49774a6945979a10f76bc432b66c3823e8ea	46b81695c042b5f8a9800032a8d520f9b61ce509d1715cf993b1c14fed0f05c8	marker line removed (pre-registered conversion)
ladders/T04-G3-r1.program.ldprog.json	22658	78470a4433d34e5add94b5c22a7e9305355de8387385792db81d68932a86a10c	da1a7c6f4090f00841dd3cab92a3d1fadfb32835b4dedd83f440173c4d99a11c	marker line removed (pre-registered conversion)
ladders/T05-G1-r1.program.ldprog.json	21780	4017c2c5572abf6b4887dec33919bbe3146612b8c25eab7b7f0dc0756a52eb14	2df095a61fa2ffaff15bfcf8cc29b881bf505fad1ceee0446b61d2265f5e097a	marker line removed (pre-registered conversion)
ladders/T05-G1-r2.program.ldprog.json	22138	1703d53c56b8931bc8a17f9f4c4f63cb08809fd02c6622d45207cce5ae347069	112d4fb75a38195b5c7dbb2c35fe927cde12c4be52addb4f7df59818fa1da130	marker line removed (pre-registered conversion)
ladders/T05-G1-r3.program.ldprog.json	22145	079a242d6b659e7814bfa7c466ddd69177cebe7f5fd37c63a4ba926390dc0033	fc4696f2490c66f0dbdc2a06c52a9ce6c66406f55acdf32098b0c6ff881b9270	marker line removed (pre-registered conversion)
ladders/T05-G2-r1.program.ldprog.json	22201	26d72ec0ba1a1b7c63ae0acb1c6e290542f7730335ef4ea6c3ca1e6f6056d1dd	d216f52658a4e2724dcd93783086ac5025ca9b7522a0151cff09de5d436dcc4d	marker line removed (pre-registered conversion)
ladders/T05-G2-r2.program.ldprog.json	21738	df24fb3049f6a3540849fb4fe6c778ea9c5705a2a647beb14bb22ab0523fa824	e7492e65af34b769aef8c2af08c042dbab08b9cb41f37497aa56a1afc649aed7	marker line removed (pre-registered conversion)
ladders/T05-G2-r3.program.ldprog.json	21836	4b6ffd4859ed95f467fe18c1013a5871038e73b455af20d43843903bc2586e4f	0a8d3e3de1e68e6abfbef363e1a1722f14bd562b00fd79b068c7c840dd2dbafb	marker line removed (pre-registered conversion)
ladders/T05-G3-r1.program.ldprog.json	20998	d370965c80cb8333026a471937e67ceffd7d893bfb5d6df1816d9e50c29f7de9	45372ba2f0a5ede0de8bf8265b63215e45d02b63e7b4aa766ad9df90e24cd22c	marker line removed (pre-registered conversion)
ladders/T06-G1-r1.program.ldprog.json	263044	2a0712762c396f064b0002edf120844338485c21044f6fe4fc22a00529831868	620f2d83a2cbc2173d4e1c5938e7a71774375af1090480dbb5224ce67087e5cd	marker line removed (pre-registered conversion)
ladders/T06-G1-r2.program.ldprog.json	277013	7ddbce3c200020251b2cbb0f37f596f959688e18074c7b095482a6d6f4652386	ba7b29c1ee5c186166758d27e81d96aa9caed8f8213e7223d82b7d51fc24adc7	marker line removed (pre-registered conversion)
ladders/T06-G1-r3.program.ldprog.json	230266	e44fe2d8c204cd8a17e6bfcce9c7c69351f7cde175c2299af41c6daaf2fe755e	d4722a08dc57cb3362cad9a41a820eb4f34a4efcb83bd7f4975d98370391f8c8	marker line removed (pre-registered conversion)
ladders/T06-G2-r1.program.ldprog.json	347428	103dc6a90a9170afeb9d1d510310b2aa626022abe00e44521f079b73f94d7fe9	891bd5fe6a9e82112150628b35ab1aaa71019998b4c2b878e15145867f3bf62d	marker line removed (pre-registered conversion)
ladders/T06-G2-r2.program.ldprog.json	294395	5b3b6d8e176055d997b428e51c8d2323d64fa8b9df24e8e664261feaf7f3b3d3	bf889cddb19370a8b58ff548021034b2429500db143659580572c908cadf7128	marker line removed (pre-registered conversion)
ladders/T06-G2-r3.program.ldprog.json	418091	1b21ee610ac3b7faa13254c591ecb6353931623dee1e77b275c1322e9be56ac9	11c6aef06f7f8a5970cf6d545028dfc34f91213280cbcf4a811cc91a7f00e16e	marker line removed (pre-registered conversion)
ladders/T07-G1-r1.program.ldprog.json	440412	3d807b86e58ff221aa91f9095785e8ba54027e2676e0375461b3c15a15ab67ea	b6b754e3b0961d56252079094ea844f42add4baa561973d76b4bf76a9dfcdc4a	marker line removed (pre-registered conversion)
ladders/T07-G1-r2.program.ldprog.json	441386	6957199aa2d25526fbfb439b9c24b04cc0300c416dc8a632116bf65882923efb	26fe642c4bfec3de78c008c1bc4facdc8159a981fda579b9cfb927798eaf33b4	marker line removed (pre-registered conversion)
ladders/T07-G1-r3.program.ldprog.json	441110	7c50f2880b37feb79b2c4bee21a80a5fbfdb71b3187c69b6329ce995f778b734	db1edef7f9610260a5b01fa154bc07ed44077b7724f6de9aa4af2a164e98d1da	marker line removed (pre-registered conversion)
ladders/T07-G2-r1.program.ldprog.json	441695	7c844b8b1b1a0368d98570765cae39132c371e1b2dba2721c8d028c6412db00f	a1c88dd92f57f31ce72beec772265e7f8993ea72ce691d54b2db842dd98d6eae	marker line removed (pre-registered conversion)
ladders/T07-G2-r2.program.ldprog.json	441281	ac1e20f3391a3f6b913f8387a9655249ed07f7b035d64d9d97f5b6bb5fdc723b	d3eb12b93777699e35089ef14426a547f38d4773c5b544483f2a878ca5518bfd	marker line removed (pre-registered conversion)
ladders/T07-G2-r3.program.ldprog.json	441341	930c3296c45981a910b4f76876762a967f66dd2e19286710b860a78c9c50871b	8ec69c2fd2db5d03913cfbb2752a0f8de7afa186fad3113143dfa9b35247dfb7	marker line removed (pre-registered conversion)
ladders/T08-G1-r1.program.ldprog.json	438252	91751c7b2b5952ac5771e779f0dedddf734bb55b2d6e25441d7c9873adbb70c4	c6317de6db60e0a49e614b8c80b8e5c82c904e73ae04cd1127258ba02020ca99	marker line removed (pre-registered conversion)
ladders/T08-G1-r2.program.ldprog.json	440163	f409252a3da70dbff2b9d3f3ed0abc932456041e901e8b133f179fef67693109	5d716fad7990d4c34b7cdc196abfd4b3950017eb6bb99056dabbd9cf2656bba5	marker line removed (pre-registered conversion)
ladders/T08-G1-r3.program.ldprog.json	440587	d611f51d2623e4ea62dd04192d830e7f0eb6ec554ef1a8280dce61bc69a60c8e	e459402302856afbfcd348599cb72b1fff8d0737dee722e9e10de154dbe44020	marker line removed (pre-registered conversion)
ladders/T08-G2-r1.program.ldprog.json	438993	69836ac7b2e313c4a6dd437ba8252594a9794f42d85de2067e76d57e7c6fe8d3	1cbf24285de3ffc799428d680a1f0728d0eadeae98c6ce7a77b266dd69532658	marker line removed (pre-registered conversion)
ladders/T08-G2-r2.program.ldprog.json	439562	f1a4a5c8acf49f3b829f868d8a4cbf88c9990488fc0a2e356df066312c70cc3f	f213eef138d8d2f0eeef08622f18b1fa9c1c6fc2a6a3b5425045bde4fb7760f8	marker line removed (pre-registered conversion)
ladders/T08-G2-r3.program.ldprog.json	439742	cf5824d666b44024aa25e3331e1f4b2983eb6013f1f4da6e6cd3b89a6ffb7bd6	9052924c9207c298feff83181d5db94b90e5e1c90022bc0e21dca47dc6144b86	marker line removed (pre-registered conversion)
ladders/T09-G1-r1.program.ldprog.json	441466	b2ac540409405cf775ce8aac25b06b59e8fae3846c07e1f7702776cd847c8ca8	7f616c7d0549b4c3805005c3341e3a842bfae8515a0651a5773d8e38d85619d9	marker line removed (pre-registered conversion)
ladders/T09-G1-r2.program.ldprog.json	441515	98589fafeb3fcb15f561eec2f3218806914eed3a80a7372f1b9cfbe8aeaedf61	a9eb6f5c45b706874e5cb014b66d53752a8623631aff4dfa933ff6c0f1ff41ef	marker line removed (pre-registered conversion)
ladders/T09-G1-r3.program.ldprog.json	441572	dc399c2d3ee63e3af0865c4623fb887c40adaf737eb787e97f3098259ef60171	89d5f2d01af1a51f374529d76ec3dbed31d4d72977b6a5c004487bb319a9e2fb	marker line removed (pre-registered conversion)
ladders/T09-G2-r1.program.ldprog.json	440992	0f6a7fa27f61c443eb9fc712e60b540272bbfbb50ee762f4c39b2ea79c0577c7	9af0018e2e7aa5108889d30309594f3cb8b0ea6f0d3bb0e58c0c4079458e93ce	marker line removed (pre-registered conversion)
ladders/T09-G2-r2.program.ldprog.json	440088	81eb06e1dd44f24845c647971db10addbfc200dc383922b46803d93dfb5e7b27	7bc0c887a733104ce94337111abfd50e7b63f3ea141c31f4822c6791054942e0	marker line removed (pre-registered conversion)
ladders/T09-G2-r3.program.ldprog.json	440875	21b4291027d761bfa6a88abdecd2231ac9d0a90e6da39ea3dafda9a765beba0a	23d7db27539dee1736b3cae2f2bd71cfa5d7c1e3074c8ee76fa76013d3692932	marker line removed (pre-registered conversion)
ladders/T10-G1-r1.program.ldprog.json	434883	799ec6928ae0e3d3eb6008315b01a7a69b721e2febe1c935d64aa4fbb2566fe4	8c4069aee6f1c52da6dc9481dc6e4e32a621c3ffbd315f3a5dbb61a3c99ae0a4	marker line removed (pre-registered conversion)
ladders/T10-G1-r2.program.ldprog.json	433544	7f210b2ac9b9a70edcc5c4b0e52b2fb73c940fede7f11f902798d714c7f86485	80a3228c75b97ef8134aa03669075d8c70782dfe12a20ea4509511775e034f51	marker line removed (pre-registered conversion)
ladders/T10-G1-r3.program.ldprog.json	433645	35b1d02804b38cec932e757a23ef0590738a9566606ebe0cc399a76bcf672a16	980869a04b4c28cf762bb007fadd9802cbe97d96a26051e96f8d2a005857c301	marker line removed (pre-registered conversion)
ladders/T10-G2-r1.program.ldprog.json	435326	fbcf545377cc799a50113a3bf5d1fb0d78781f9066f03bf6955963c84fba5a8c	5b88a7c84275145cae5b89df1545d3b1f38aaa18eb8ae656d865067aee1ad231	marker line removed (pre-registered conversion)
ladders/T10-G2-r2.program.ldprog.json	439186	afeb109c6c4fff3b37a9369fd81e6488f355a2ece2dfa46604fc9c6ed22b6448	5e92126ce4df9b02a63be0290bec4ac8197f1954f7ed50f6fd1b0b5059d70054	marker line removed (pre-registered conversion)
ladders/T10-G2-r3.program.ldprog.json	439749	3638312b315dcaacc10f8165cd9feb4a29df8f1eb18b561c05dfae4bff76e148	a8cefa183828c553106d42d3e8b0c8b0dac66eecbd6a3054a5df2aeb6359b400	marker line removed (pre-registered conversion)
ladders/T11-G1-r1.program.ldprog.json	437615	6a458507c6f47480d57e0716b80bbe28cc3dd72a796c3e3e2d477787c39d0044	441eeac8f2a6f1838543a50394ca22c3d270f2679f36753f4cb6a585cfd52f33	marker line removed (pre-registered conversion)
ladders/T11-G1-r2.program.ldprog.json	439075	37f33675029371fc4f1cf03f0811862cb1f3f1fb9f6ae9b650ea3491fe87ff72	27d4345f5faa5a65e4689ead6192447aed90e5bb567796385c5f4c78734fb735	marker line removed (pre-registered conversion)
ladders/T11-G1-r3.program.ldprog.json	439180	b589e7c006adcf5b53cc4d723dab5db0c1a1d07f77e4dfd40e800637010c4bcf	b6e0aa93c6854100ddc689aa2bd366afc7ea8902f0707d4b2ec5d63dff7e9823	marker line removed (pre-registered conversion)
ladders/T11-G2-r1.program.ldprog.json	437723	434c3558e2a9e5387f3e240c0f2828b9a5c4878487dd767037d87e72693b7f14	85f0ca82e73846aad7d2ac1d3f4c0c3504e600e4d93c1f48df0fb26068491499	marker line removed (pre-registered conversion)
ladders/T11-G2-r2.program.ldprog.json	439658	a7b8c3d2db72a9c371c65336e5657dbf762a99f7df0f0ff59d2d7ba3ac4eae5c	c95536d93577f032f015d465dd803884819a81e2e451a57387ccacf3274f9057	marker line removed (pre-registered conversion)
ladders/T11-G2-r3.program.ldprog.json	433321	bef7f385d322c9f375c9bfb093d368e5663ba9d4c1e2560fc20d5f5b8ee88cc6	f28812e2fcd9c4bffd23211a374d72082e667c76daabbf05ff37e50ff1d807e5	marker line removed (pre-registered conversion)
ladders/T12-G1-r1.program.ldprog.json	438210	826c86ce26a368c45ef611c5fc2c613eec3b224ccda21966f1e4280f24363337	c5564d15454722f70d5e11bfb1eabb9562a6a1b32f522aeb89686b0bf792f9a0	marker line removed (pre-registered conversion)
ladders/T12-G1-r2.program.ldprog.json	438657	c28c1bffb63012c17dbc5856924f1dbfb1781f91cedb4b7e2fe4cf223ca36603	2bd4a1e9e494f56a112d8bd4b96a09080bcbd9197dd26506275775b358d3c641	marker line removed (pre-registered conversion)
ladders/T12-G1-r3.program.ldprog.json	437939	c7be2ccb41d6447aacd0aad309d8226f3b4616f4f3abb1a6aaa8d8726d1337a6	de4714abb0e69bc9817c5c372a07ba086f54d801d3427b7d3297d118a03c71e3	marker line removed (pre-registered conversion)
ladders/T12-G2-r1.program.ldprog.json	440474	b78d5d45b721677741b3fca15d2bdfd07cb86c68cdd2631cade657e4c4d1b8de	b3cde838e24b95aad3aa5050a712466563d20694fe5f0523e33d3bad87ac9020	marker line removed (pre-registered conversion)
ladders/T12-G2-r2.program.ldprog.json	439731	57041d4c19af54a0da552843aef6417ee499f8e3cd35e50a85c40a2ea0060010	6ef789d7896ebbbe8ace5521811e9895b240c5aebdc2d0d4307029c9a986bae6	marker line removed (pre-registered conversion)
ladders/T12-G2-r3.program.ldprog.json	438742	7dcdbb850d33d4469571c856f1cfea52722b00573970632cdb2fe5c5fe8d667d	68bd2f5d84094ba75a97310833fb1c41ff9b244cb10a804238dc12529741a1f9	marker line removed (pre-registered conversion)
ladders/T13-G1-r1.program.ldprog.json	441552	ff089bfe8f7d3ada03a23a39bc61163140ece6c3350b79e217b7aa9209bc752f	5104d72ff7e784c89ee7d50b54dc8c59b2cd01799b3a8a3556843e05737231c3	marker line removed (pre-registered conversion)
ladders/T13-G1-r2.program.ldprog.json	441310	c2b10256fec5c1f8322713452fae69aa7fb2eafc4f6ee3db98270ab1bb775626	a1ab8a7b9047f99dffd822df60b660febe5b47b2f3d3fd292f8674d4b0d8c048	marker line removed (pre-registered conversion)
ladders/T13-G1-r3.program.ldprog.json	441645	471bbe4a5e1a5bc2b5ebe6dd31d006161de04a7d96fc6934783403b347f14b0d	12c6d2eaa8dcecf8551e090569f8767d435c476809ace51bf4d047502c687b72	marker line removed (pre-registered conversion)
ladders/T13-G2-r1.program.ldprog.json	440733	4fde65cfd8ad51979f010ad0fc367eae3e9b94113a37d214bf3d1e8fad8949a6	e0dd28dc9d8df4a0c866a2ef28c3cfb31b59782ab20b0d60ec4fcdc69a2d5963	marker line removed (pre-registered conversion)
ladders/T13-G2-r2.program.ldprog.json	438883	2e5a4bc2524888d1ce5fb60b95c3d4fa977f573a6db98713cda0fd6e64459c83	97a8e8b0e70d7a81d1c6ddc390ffc5011c6e9c412e228df67fc3dd6976bdc47e	marker line removed (pre-registered conversion)
ladders/T13-G2-r3.program.ldprog.json	440231	7d1b3fc7ed96ca6a8de943076601781b0fcdc6726e9c3bd5605077d6d592f1ed	42b5204d98677f7c9e1b33823bc9f4ba252058d1f68646b6e33beceb77097112	marker line removed (pre-registered conversion)
ladders/T14-G1-r1.program.ldprog.json	441650	d0937e30006f76aac786d35c28d2c0dd4a8fa9c118a9e6595efa3040a432f45c	a231f89c40e85af7f1df2f0f59673bc4b8cd7ec70add1643850459c7396e36cb	marker line removed (pre-registered conversion)
ladders/T14-G1-r2.program.ldprog.json	441415	4619c17f457d133cba403a3828276a44ddfb83ce20830b014c8eebb7a7a77c73	dd52689c98df9dfe01ea004cc94cd8496ef7e932f13e574212c2f8f105071150	marker line removed (pre-registered conversion)
ladders/T14-G1-r3.program.ldprog.json	441306	bc589927644e94b773d9288c31b40331ef2a6a3ea703e27606042c6bb87f4200	67e2a87f232c860aacfd58b3b5391b61606a2d06fb2b7647621357f327276824	marker line removed (pre-registered conversion)
ladders/T14-G2-r1.program.ldprog.json	441563	fc35d1a7322c796e6989f1a01441a713ed8eb7d58ab92f345da800782a06ceef	f50adeb373e1d49c9148055da65dc872614f42d92389b7c8002b7d334db9a275	marker line removed (pre-registered conversion)
ladders/T14-G2-r2.program.ldprog.json	441165	145fb10bed6ebae7b49f77fba2d965ff44301d4134dbb07a0deb3e022342ec77	eb9399eb892f96781ea9a8f2293d9ad6f3fc2c3577c8f05da2432bce07220543	marker line removed (pre-registered conversion)
ladders/T14-G2-r3.program.ldprog.json	441341	333b11767e88e106e0b1d06d9c8e947c412b0b8c06ba51da3df6b8cc25a0e773	0389b895a1be48e9a3b4f81ac2bab8e51be9fac0b5a04fe4cdc0a621cf1a2f07	marker line removed (pre-registered conversion)
ladders/T15-G1-r1.program.ldprog.json	440674	50fa6cb6e825481f6237a19f053df3a0b6395220458b430d0694624c499c0d83	d492601264940eec0cbd253fb9c12970d2e484ca62559338dc8b542d44583eb8	marker line removed (pre-registered conversion)
ladders/T15-G1-r2.program.ldprog.json	442772	dc983c27ff94c316490aee3a8ac09e1b032944b53a0f8556209967221c331395	5d4f2ea1923dff58debfaf1e2ef01c39acc1d88d2c1bb020724e82a121b551c7	marker line removed (pre-registered conversion)
ladders/T15-G1-r3.program.ldprog.json	441239	1efb21c1f8c4fd683fd47ffd27481f00add21c984c62dfb048b1195fb60ff5fb	a2e24ec18b6f9fc175917c65cfbe27373828a37d651718322edfda07fb3cf43b	marker line removed (pre-registered conversion)
ladders/T15-G2-r1.program.ldprog.json	442377	36060b8574c58198496cc15abc3637c90438eb484cd00288c5aa9001091b32d7	51898b600c7571e3fd88a95b804e3044a1e3d6db3c80ccf4c1cfa759ee57b971	marker line removed (pre-registered conversion)
ladders/T15-G2-r2.program.ldprog.json	441644	77122d03a42c6ad48976ebec47529a9fff40ad2a0f60ae126bd98bc1319a7c0c	81a2e2005ee41c9f9ca2fa74f44f612cf40e91a4997482d84a7d6f33a06da135	marker line removed (pre-registered conversion)
ladders/T15-G2-r3.program.ldprog.json	442096	1f2c6b37acd8237fb6652c4714a1006a0efcf2d5f82131f2ce0ac4861135daf4	83f0ee06545f9a4acd589f8c0682403fc2707473b6b7bd26f6d194c55083b220	marker line removed (pre-registered conversion)
ladders/T16-G1-r1.program.ldprog.json	438954	5fc958e3aaaa0458ce0bb9129a96d57902410fb461811b1f4b284961b074499d	c218b52b3c66ed19a0b11a64cf1927d7a0895b2907ef34a6adac18db0bfb0a0b	marker line removed (pre-registered conversion)
ladders/T16-G1-r2.program.ldprog.json	439443	d7b5bf390fcd1ff470fd82d0413440f3fb0fbf5c708c5e48e0cf872508351177	fdfe38676433c7fb8d13c349545825fadb61a8b80c4ae6cfbfdaa8fb3990c187	marker line removed (pre-registered conversion)
ladders/T16-G1-r3.program.ldprog.json	438063	b133cd9dfe9d5b18c06a7d1f6d2b5babfff81fd4c4d776a9c774024d5f478076	9edfdc3339d3aaaa2f4e951f98fced70c7122c7820e5612e491c4c4334f82a35	marker line removed (pre-registered conversion)
ladders/T16-G2-r1.program.ldprog.json	441419	2f0c8925c5ede58500911ce6d764905e7316e453425f0a1cfbb0b2397b850fcf	8df133c933efeef092fdb420c6af0d547b3306f23847a2b04ee28c23b1c33a5c	marker line removed (pre-registered conversion)
ladders/T16-G2-r2.program.ldprog.json	439735	00acbdec907631cc8f8fc107a8ec192b050f567e53d91ae8cc13ef0c6fbe18c6	369096e4e42887412fe269a955f4ac5c895768cb12305e4e6cd6461f1a7dbee7	marker line removed (pre-registered conversion)
ladders/T16-G2-r3.program.ldprog.json	441172	acffcde1878d7e21b41462904cb66777f344a8d6b1ff8bfc4eb83db6dd7ca789	7014cff6f8610ff2bb33e6b55643c9685758484c4eec6324d32f908fb60aa83a	marker line removed (pre-registered conversion)
ladders/T17-G1-r1.program.ldprog.json	404545	748e1fb174ed8c12b7bcb16db8a4c2c7c0754c9caf7d1fbfa8f5344267d48105	99c4fd221ed6b05b73fdbbd4c3d6d4ddc7aac5eb0a16fc4f3b64a34fd33fb63e	marker line removed (pre-registered conversion)
ladders/T17-G1-r2.program.ldprog.json	404698	c292aab6c37c3994dc1e5967df05faeea74fd6ce0aea9014fcae65df46a33346	0893d6b513e1510a22ef90b4b67828e02c821f7f44b838c5096c1a8fc9588834	marker line removed (pre-registered conversion)
ladders/T17-G1-r3.program.ldprog.json	401311	3c16665afbc525d6cdb99f2171550ffaf3d0338b571a63386acc3e79a05dc299	6423da160c842b90c3daad0056a2b1b36b71f9d770898cb010aa88440e83186b	marker line removed (pre-registered conversion)
ladders/T17-G2-r1.program.ldprog.json	475917	cf04bfe54176c5d1b3af0ed94b8c38ef0707972174c03eaf96f3dc19fa67f00f	decf4ae98f596675f27a050295e8418a0446b06c24975b3f2f9dd63b17ca7436	marker line removed (pre-registered conversion)
ladders/T17-G2-r2.program.ldprog.json	443869	49e1ec5b4f29da90d362376b74081b0bfa240eac13d0a3db442e3ad50771b9ca	699ea341fbf194260231dce5c799f09c434ffc6db61e3da87536214f11db5075	marker line removed (pre-registered conversion)
ladders/T17-G2-r3.program.ldprog.json	560529	f4bda62b696e844716b85ff14edde632d7d2780b6b69e79a674f6b773f06a18c	7da0d9e9e89eb88fe468c3880427aaf80600050b4a213743163fa46b78e993e8	marker line removed (pre-registered conversion)
ladders/T18-G1-r1.program.ldprog.json	689287	3bae3f09a26ef36e8cd28047d660c0f9ca88476f6b3bc96971cd19c76baeed1e	8a2465b415fb16f6ce12ccfb33ca756b9a100e879e99a6c3e48375fedfff55e2	marker line removed (pre-registered conversion)
ladders/T18-G1-r2.program.ldprog.json	686712	ef240e58d5a55094e22c12d00deaaf246e1083fedc6876de2b7802718ede24e4	91b6f5f78aa7c05321894a2e0fb3260f818d5dd48f5b041668e8dc411d2c4af9	marker line removed (pre-registered conversion)
ladders/T18-G1-r3.program.ldprog.json	686150	10f20dcfdc4b2976dc532c906b8b308f55318864953063f0da8c03e3bdaf4e6f	1d9fd2b758ca54593ab43fd156970fe102d9d483f30a8edd62ba8f5f79e118f3	marker line removed (pre-registered conversion)
ladders/T18-G2-r1.program.ldprog.json	686260	316b7bcacf120bc9e515280779ff735929a22a1b1a8a986595c4165f975a28bb	f862145824d1a304a05f9831b92bb2bbb60cd6b16d261e84ee86c55a8c492e59	marker line removed (pre-registered conversion)
ladders/T18-G2-r2.program.ldprog.json	692689	efef1bd8ffbb87430de42ba015786df82ab2386038d6fd528b008a394dffcdd8	59d5dc3c332a08a995a053d6239aea245d5f85cd86ba95f6397b413f949ce284	marker line removed (pre-registered conversion)
ladders/T18-G2-r3.program.ldprog.json	689294	20160a00e6fa0f589f0fe7c1bc6a26684800d9c65163635afb9224356893bfdb	f19658c0575e31cc63b40b57b46016e9b567729b70e287f73620defc92621ac7	marker line removed (pre-registered conversion)
ladders/T19-G1-r1.program.ldprog.json	604626	de11bff7900b50b6a5b393b8272431bdb9054fbc26f6ac83ac746ceb2ac4f00f	f7f32cbca2f5ea651ad2d24478a563f5720d52c8bf1298d9c7cbc4319d0b7367	marker line removed (pre-registered conversion)
ladders/T19-G1-r2.program.ldprog.json	632435	93a6b821d641c421aad206b57d07eec38da3db83fdff5bd2160e1a5aa6f91f49	e55c2d8675e241d36a56db58242b8997b648476409c141f71b482853b6e37a62	marker line removed (pre-registered conversion)
ladders/T19-G1-r3.program.ldprog.json	629618	cc82e34147dee7b4030629875fe22e2c1494857e87a3c4cd8a4f2977bc1db7b1	cb9ef1aad3bbad5b09d230ddbb7304272e9b6ea7c5eeccb1e1fcea55914af0e3	marker line removed (pre-registered conversion)
ladders/T19-G2-r1.program.ldprog.json	655935	0199c95db7993670ced332c60793b413126156e6006bdb6ae6fb24882068b093	117874ec34451c62b391940ec6f87a0aea462075658f873ad3bb81e2bae4a874	marker line removed (pre-registered conversion)
ladders/T19-G2-r2.program.ldprog.json	662929	af7ea6834c14ca4a36c662fd99fcee1ee6354704cb932f3716ca7c3cfa059ede	c541c00f28c744c70f91cc9c0a69e7aebd55fc2c717db0e39a579900c9b1248e	marker line removed (pre-registered conversion)
ladders/T19-G2-r3.program.ldprog.json	644085	5dfcfa77e56af3cd7ed7a12898cb42b4ab1fd18370e25c86571b40008d1e6e0d	b11079c51d43c0908e999a40eb247de4dfe5a8571cd03ea9e6cc207d54d7786c	marker line removed (pre-registered conversion)
ladders/T20-G1-r1.program.ldprog.json	690649	37947259e4f10192fefd2033cc725bd4481e96b9078356df317aee166c8d329b	c0144ec3445be1fe9d7ba618896b4c58c5a055c4426d33df66b94fc284462662	marker line removed (pre-registered conversion)
ladders/T20-G1-r2.program.ldprog.json	697895	7bcc0182150e59bb484ab0d6b1db20c11e673befacc047da088d812b9bdfcfb0	52f99b7fe898a14df5bab9512f6464d47c61dace3b0c3066abcf86bb00594405	marker line removed (pre-registered conversion)
ladders/T20-G1-r3.program.ldprog.json	697877	1c5f05e5f9f62ddd04aa7c81fbdec8f24b518acc35cb67f6142bb98e7bfa3af8	a6ec724e6fd256582c2f286fe42d5e7d7c7e2ec34d2ebc482caaaf5a695d70c9	marker line removed (pre-registered conversion)
ladders/T20-G2-r1.program.ldprog.json	697072	610c3ea28265b615eb1c48796995c4e8abe5f1121f5f290ddea8d8eaffa7359c	3b51ffd1a0f4cb54d7b3371f4b971fc9033478cde25f4406d9791fe7af499333	marker line removed (pre-registered conversion)
ladders/T20-G2-r2.program.ldprog.json	697854	8f3c03f42be7aad293124546039dbe8c08ebb03c422e7c46fcc77de0defc6e0b	6f129bc531f54a53e258a1398c289be4f02549536b6f8249717bca1fd89ecf0a	marker line removed (pre-registered conversion)
ladders/T20-G2-r3.program.ldprog.json	698300	81b03739433b86795f8d355512dc9d4df38356cc3f2984a471f8da6ef5bf2046	f6c8d957bb1fd9e761f1e9191f2374d3a1aa3e92f6d7eb4fe803c336e034afbb	marker line removed (pre-registered conversion)
ladders/T21-G1-r1.program.ldprog.json	696783	dbdd36f1a27cb2a6c1bc9d621d75387c60a20e5348a9e06d76802ce4d90d506e	162f8a9af042d80b480ac72778953066d3b243d4e67aeee3d5c3c2fe3ce7e052	marker line removed (pre-registered conversion)
ladders/T21-G1-r2.program.ldprog.json	696328	5e41446c0e79e3bae08957c590f976e607c4dbdd580c63ad41874ee2b911d8ee	94fc0e3b4eb83896485471a105afe21f8f2a5d21bd2c6c817fe584dfe1db4304	marker line removed (pre-registered conversion)
ladders/T21-G1-r3.program.ldprog.json	696639	4cf23d751d561460675e1725e481e6401adc5d6caedf2821326fd2792beb15ec	a201b142ac1918b01268ea20ec7ae4f3fa068997d2ecc18c42b68f175f262e85	marker line removed (pre-registered conversion)
ladders/T21-G2-r1.program.ldprog.json	696745	4d84d0ccd563f51304796ab637623c22af7fd955a1702cc3ef76e9823344ab27	273901849c490a435f6955491907585d9ac6e6ccb2acc56b12032cf865324c0d	marker line removed (pre-registered conversion)
ladders/T21-G2-r2.program.ldprog.json	696440	e7976b62607dda546db5cef863020c3f3c54dbaafa26e86e6c50433db9f1ea7b	eb3ef651c1bb665ecabcacf85082a63c11748f7b12e101a32724ca17b00e978d	marker line removed (pre-registered conversion)
ladders/T21-G2-r3.program.ldprog.json	696797	a9991d9af72a3f090afc6746612218f735705f76e2b8e60a76d49e7a70082f44	c55d8e6e5eea322a60b2b50691292c429e126505c720a16baec6dc746ef0058d	marker line removed (pre-registered conversion)
