folder	unit	unit.json	unit_json_sha256_original	unit_json_released	reason
_invalid/20261001-0723_tool-start-failure/T01-G1-r1	T01-G1-r1	yes	47eb9ca625b391c60d7893bf476a206eb4a119910344249508afb31b8d719c3c	not released	invalid: generator tool failed to start (temporary-folder block), all attempts under 1 s, no output; generated again
_invalid/20261001-0723_tool-start-failure/T01-G1-r2	T01-G1-r2	yes	cc64fe59c2f4e0ed2fd20240655850bf2c7d706efbf8fc2928eb3006161507f5	not released	invalid: generator tool failed to start (temporary-folder block), all attempts under 1 s, no output; generated again
_invalid/20261001-0723_tool-start-failure/T02-G1-r1	T02-G1-r1	yes	a6180e72b416bde22bad4a2451fb1dcf03c5251ed53bb9c8f0f5b6b0622091d4	not released	invalid: generator tool failed to start (temporary-folder block), all attempts under 1 s, no output; generated again
_invalid/20261001-0723_tool-start-failure/T02-G1-r2	T02-G1-r2	no	-	not released	invalid: generator tool failed to start (temporary-folder block), all attempts under 1 s, no output; generated again
_invalid/20261001-0723_tool-start-failure/T03-G1-r1	T03-G1-r1	yes	eac24479e81d8c09346eaee60dee9c4f91e12c908240a11d060fc807c74a562c	not released	invalid: generator tool failed to start (temporary-folder block), all attempts under 1 s, no output; generated again
_invalid/20261001-0723_tool-start-failure/T04-G1-r1	T04-G1-r1	yes	44195a2deeeb28a0c993994092814e0473336f3907025c8002792353fec7c369	not released	invalid: generator tool failed to start (temporary-folder block), all attempts under 1 s, no output; generated again
_invalid/20261001-0723_tool-start-failure/T05-G1-r1	T05-G1-r1	yes	0b9f9a6c15c3e19c530b9b2a260955f94ca90288aca11b32b66aeb4c002e5a37	not released	invalid: generator tool failed to start (temporary-folder block), all attempts under 1 s, no output; generated again
_invalid/20261001-0723_tool-start-failure/T06-G1-r1	T06-G1-r1	yes	dba346cd8f94e1c340d7911abcb38ba86ecf71211333a53d62fc761f78ccb2ae	not released	invalid: generator tool failed to start (temporary-folder block), all attempts under 1 s, no output; generated again
_invalid/20261001-0723_tool-start-failure/T07-G1-r1	T07-G1-r1	yes	59197d10582e87d285ac4f18a1dd4eb45f261e5cd2055ca2ae69c94e1428fc41	not released	invalid: generator tool failed to start (temporary-folder block), all attempts under 1 s, no output; generated again
_invalid/20261001-0723_tool-start-failure/T08-G1-r1	T08-G1-r1	yes	e473c720acc2f4a8c2255f1f8af651ba17c3d6800bca789f15c37a43a9760cb9	not released	invalid: generator tool failed to start (temporary-folder block), all attempts under 1 s, no output; generated again
_invalid/20261001-0723_tool-start-failure/T09-G1-r1	T09-G1-r1	yes	5d9c5e37dc247b63e6f858ca9c23631b0e8c1a69e4782c2d4290a7fa666a75c5	not released	invalid: generator tool failed to start (temporary-folder block), all attempts under 1 s, no output; generated again
_invalid/20261001-0723_tool-start-failure/T10-G1-r1	T10-G1-r1	yes	02b40d73c06630d66dcde56197fe8dc4f49a1e886f88d18e88f9d15f49b43ee6	not released	invalid: generator tool failed to start (temporary-folder block), all attempts under 1 s, no output; generated again
_invalid/20261001-0723_tool-start-failure/T11-G1-r1	T11-G1-r1	yes	39334c51a4e46eb2112e10bc3cde000f368c33e790037e53177643834229eee9	not released	invalid: generator tool failed to start (temporary-folder block), all attempts under 1 s, no output; generated again
_invalid/20261001-0723_tool-start-failure/T12-G1-r1	T12-G1-r1	yes	0eddfe2207e6526d9006d8ecc81d53173408ab0e5ee3c472a7c423767d011e79	not released	invalid: generator tool failed to start (temporary-folder block), all attempts under 1 s, no output; generated again
_invalid/20261001-0723_tool-start-failure/T13-G1-r1	T13-G1-r1	yes	0d6b6884cf8942df69150b30f1e028d0a72162bad6df5a465326995b8469edb9	not released	invalid: generator tool failed to start (temporary-folder block), all attempts under 1 s, no output; generated again
_invalid/20261001-0723_tool-start-failure/T14-G1-r1	T14-G1-r1	yes	3fd7984071d44a7282e8084f7dd9a8509913e468929dd8a3407c314012dedb82	not released	invalid: generator tool failed to start (temporary-folder block), all attempts under 1 s, no output; generated again
_invalid/20261001-0723_tool-start-failure/T15-G1-r1	T15-G1-r1	yes	1cd92c90f324651a828999d4f64040b437312e921f7b21629b05ad55f56d3ed8	not released	invalid: generator tool failed to start (temporary-folder block), all attempts under 1 s, no output; generated again
_invalid/20261001-0723_tool-start-failure/T16-G1-r1	T16-G1-r1	yes	ddc48b7194205fec55cec743161067818dc37a262e4deead894869566852850e	not released	invalid: generator tool failed to start (temporary-folder block), all attempts under 1 s, no output; generated again
_invalid/20261001-0723_tool-start-failure/T17-G1-r1	T17-G1-r1	yes	c196af490b09e0bf89f49212cec48c86b13b496506167af3733c2779c0e6f8e0	not released	invalid: generator tool failed to start (temporary-folder block), all attempts under 1 s, no output; generated again
_invalid/20261001-0723_tool-start-failure/T18-G1-r1	T18-G1-r1	yes	f041ee45d0b4ef8c5777fea551de0846c121fd28fb3081137fab46b691979466	not released	invalid: generator tool failed to start (temporary-folder block), all attempts under 1 s, no output; generated again
_invalid/20261001-0723_tool-start-failure/T19-G1-r1	T19-G1-r1	yes	778bada873c198d7b490e690d4d84d1ee1a64c5323a2ff1817f4ef78b7dea01f	not released	invalid: generator tool failed to start (temporary-folder block), all attempts under 1 s, no output; generated again
_invalid/20261001-0723_tool-start-failure/T20-G1-r1	T20-G1-r1	yes	8fd0190d7817aacdea58a3a7d8df1e36b92fa92cb1eb426833e87ca2be5f24d7	not released	invalid: generator tool failed to start (temporary-folder block), all attempts under 1 s, no output; generated again
_invalid/20261001-0723_tool-start-failure/T21-G1-r1	T21-G1-r1	yes	711a1e981418bf4318c510f8f7effbd516d72eb60dd79c18b9ea436b112cf51b	not released	invalid: generator tool failed to start (temporary-folder block), all attempts under 1 s, no output; generated again
_not_run/20261002-071045/T01-G3-r2	T01-G3-r2	yes	16da7ba356a173e8c0cade7a76edc13b736649f236d7524d170c61f4459be577	not released	outside the plan: G3 repetition 2 started by the runner after the G3 switch-over stalled; not judged, in no sample
_not_run/20261002-071045/T02-G3-r2	T02-G3-r2	yes	72ef602473fced2a1ea932072c24d76cf39e0acb23ced1aae2bfdd623288f109	not released	outside the plan: G3 repetition 2 started by the runner after the G3 switch-over stalled; not judged, in no sample
_not_run/20261002-071045/T03-G3-r2	T03-G3-r2	yes	06b867d6150f98e9a0a0abb000e87676cc01bd901020dee3c2f18e783a0d5aab	not released	outside the plan: G3 repetition 2 started by the runner after the G3 switch-over stalled; not judged, in no sample
_not_run/20261002-071045/T04-G3-r2	T04-G3-r2	yes	712914681a2c70acaf2927f847eac123829da4ca7f29661f8c572ba0404af7f0	not released	outside the plan: G3 repetition 2 started by the runner after the G3 switch-over stalled; not judged, in no sample
_not_run/20261002-071045/T05-G3-r2	T05-G3-r2	yes	cf0046960c285112dceebc2391b182d94476825f400e4d37c68540ad131a2d04	not released	outside the plan: G3 repetition 2 started by the runner after the G3 switch-over stalled; not judged, in no sample
_not_run/20261002-071045/T06-G3-r2	T06-G3-r2	yes	8e42ee3d7ed42301f33946dee4aac2ed3e5cb882a2dcb44e89c5deb95d84876e	not released	outside the plan: G3 repetition 2 started by the runner after the G3 switch-over stalled; not judged, in no sample
_not_run/20261002-071045/T07-G3-r2	T07-G3-r2	yes	26ba3016b503dd0fab3beedb7d964b260b168b74e10e174082f0e68050e3459a	released as runs/tr04-run-1_set_aside_T07-G3-r2_unit.json (byte-identical; cited by the report)	outside the plan: G3 repetition 2 started by the runner after the G3 switch-over stalled; not judged, in no sample
_not_run/20261002-071045/T08-G3-r2	T08-G3-r2	no	-	not released	outside the plan: G3 repetition 2 started by the runner after the G3 switch-over stalled; not judged, in no sample
_interrupted/20261001-130803/T20-G1-r1	T20-G1-r1	no	-	not released	unfinished at a pause; moved aside on resume and produced again from the start
